種別,入力,出力,関連字/系統,誤爆リスク,運用メモ
熟語変換,安全弁,安全瓣,多対一・弁系,中,多目標分岐が大きく、一字変換では復元先を確定できない。
熟語変換,花弁,花瓣,多対一・弁系,中,多目標分岐が大きく、一字変換では復元先を確定できない。
一字変換,缶,罐,,低～中,例外語を先に保護してから適用。
例外保護,缶（古器/楽器/量名）,缶（古器/楽器/量名）,缶,低,容器語はほぼ罐でよい。漢字解説文や古器説明だけ缶を保持。
例外保護,缶部,缶部,缶,低,容器語はほぼ罐でよい。漢字解説文や古器説明だけ缶を保持。
熟語変換,逆止弁,逆止瓣,多対一・弁系,中,多目標分岐が大きく、一字変換では復元先を確定できない。
熟語変換,気弁,氣瓣,多対一・弁系,中,多目標分岐が大きく、一字変換では復元先を確定できない。
熟語変換,強弁,強辯,多対一・弁系,中,多目標分岐が大きく、一字変換では復元先を確定できない。
一字変換,芸,藝,,低～中,例外語を先に保護してから適用。
例外保護,芸香,芸香,芸,低,藝術系は圧倒的に藝でよいが、芸香系は藝へ戻さない。
例外保護,芸香科,芸香科,芸,低,藝術系は圧倒的に藝でよいが、芸香系は藝へ戻さない。
例外保護,芸香属,芸香属,芸,低,藝術系は圧倒的に藝でよいが、芸香系は藝へ戻さない。
例外保護,芸草,芸草,芸,低,藝術系は圧倒的に藝でよいが、芸香系は藝へ戻さない。
例外保護,芸亭,芸亭,芸,低,藝術系は圧倒的に藝でよいが、芸香系は藝へ戻さない。
一字変換,欠,缺,,低～中,例外語を先に保護してから適用。
例外保護,欠字旁,欠字旁,欠,低,缺由来語が多いため欠→缺が楽。ただし欠伸・部首説明は保持。欠片は辞書確認後に判定。
例外保護,欠伸,欠伸,欠,低,缺由来語が多いため欠→缺が楽。ただし欠伸・部首説明は保持。欠片は辞書確認後に判定。
例外保護,欠部,欠部,欠,低,缺由来語が多いため欠→缺が楽。ただし欠伸・部首説明は保持。欠片は辞書確認後に判定。
例外保護,欠片（要確認）,欠片（要確認）,欠,低,缺由来語が多いため欠→缺が楽。ただし欠伸・部首説明は保持。欠片は辞書確認後に判定。
熟語変換,原注,原註,非旧字体・注註系,中,多目標分岐が大きく、一字変換では復元先を確定できない。
熟語変換,口弁,口辯,多対一・弁系,中,多目標分岐が大きく、一字変換では復元先を確定できない。
熟語変換,抗弁,抗辯,多対一・弁系,中,多目標分岐が大きく、一字変換では復元先を確定できない。
熟語変換,合弁花,合瓣花,多対一・弁系,中,多目標分岐が大きく、一字変換では復元先を確定できない。
熟語変換,思弁,思辨,多対一・弁系,中,多目標分岐が大きく、一字変換では復元先を確定できない。
熟語変換,自注,自註,非旧字体・注註系,中,多目標分岐が大きく、一字変換では復元先を確定できない。
熟語変換,識弁,識辨,多対一・弁系,中,多目標分岐が大きく、一字変換では復元先を確定できない。
熟語変換,重弁,重瓣,多対一・弁系,中,多目標分岐が大きく、一字変換では復元先を確定できない。
熟語変換,心臓弁,心臟瓣,多対一・弁系,中,多目標分岐が大きく、一字変換では復元先を確定できない。
熟語変換,静脈弁,靜脈瓣,多対一・弁系,中,多目標分岐が大きく、一字変換では復元先を確定できない。
熟語変換,僧帽弁,僧帽瓣,多対一・弁系,中,多目標分岐が大きく、一字変換では復元先を確定できない。
熟語変換,多弁,多辯,多対一・弁系,中,多目標分岐が大きく、一字変換では復元先を確定できない。
熟語変換,代弁,代辯,多対一・弁系,中,多目標分岐が大きく、一字変換では復元先を確定できない。
一字変換,台,臺,,低～中,例外語を先に保護してから適用。
上書き熟語,台頭,擡頭,台,低,台→臺より前に適用、または後処理で上書き。
上書き熟語,台風,颱風,台,低,台→臺より前に適用、または後処理で上書き。
熟語変換,大動脈弁,大動脈瓣,多対一・弁系,中,多目標分岐が大きく、一字変換では復元先を確定できない。
熟語変換,単弁,單瓣,多対一・弁系,中,多目標分岐が大きく、一字変換では復元先を確定できない。
熟語変換,注釈,註釋,非旧字体・注註系,中,多目標分岐が大きく、一字変換では復元先を確定できない。
熟語変換,注本,註本,非旧字体・注註系,中,多目標分岐が大きく、一字変換では復元先を確定できない。
一字変換,虫,蟲,,低～中,例外語を先に保護してから適用。
例外保護,虫（虺の本字）,虫（虺の本字）,虫,低,一般語はほぼ蟲でよい。漢字解説文だけ虫を保持。
例外保護,虫字旁,虫字旁,虫,低,一般語はほぼ蟲でよい。漢字解説文だけ虫を保持。
例外保護,虫部,虫部,虫,低,一般語はほぼ蟲でよい。漢字解説文だけ虫を保持。
例外保護,虫偏,虫偏,虫,低,一般語はほぼ蟲でよい。漢字解説文だけ虫を保持。
熟語変換,調整弁,調整瓣,多対一・弁系,中,多目標分岐が大きく、一字変換では復元先を確定できない。
熟語変換,陳弁,陳辯,多対一・弁系,中,多目標分岐が大きく、一字変換では復元先を確定できない。
熟語変換,答弁,答辯,多対一・弁系,中,多目標分岐が大きく、一字変換では復元先を確定できない。
熟語変換,熱弁,熱辯,多対一・弁系,中,多目標分岐が大きく、一字変換では復元先を確定できない。
熟語変換,能弁,能辯,多対一・弁系,中,多目標分岐が大きく、一字変換では復元先を確定できない。
熟語変換,判弁,判辨,多対一・弁系,中,多目標分岐が大きく、一字変換では復元先を確定できない。
熟語変換,分弁,分辨,多対一・弁系,中,多目標分岐が大きく、一字変換では復元先を確定できない。
熟語変換,弁解,辯解,多対一・弁系,中,多目標分岐が大きく、一字変換では復元先を確定できない。
熟語変換,弁護,辯護,多対一・弁系,中,多目標分岐が大きく、一字変換では復元先を確定できない。
熟語変換,弁口,辯口,多対一・弁系,中,多目標分岐が大きく、一字変換では復元先を確定できない。
熟語変換,弁才,辯才,多対一・弁系,中,多目標分岐が大きく、一字変換では復元先を確定できない。
熟語変換,弁済,辨濟,多対一・弁系,中,多目標分岐が大きく、一字変換では復元先を確定できない。
熟語変換,弁事,辨事,多対一・弁系,中,多目標分岐が大きく、一字変換では復元先を確定できない。
熟語変換,弁識,辨識,多対一・弁系,中,多目標分岐が大きく、一字変換では復元先を確定できない。
熟語変換,弁償,辨償,多対一・弁系,中,多目標分岐が大きく、一字変換では復元先を確定できない。
熟語変換,弁証,辯證,多対一・弁系,中,多目標分岐が大きく、一字変換では復元先を確定できない。
熟語変換,弁状,瓣狀,多対一・弁系,中,多目標分岐が大きく、一字変換では復元先を確定できない。
熟語変換,弁正,辨正,多対一・弁系,中,多目標分岐が大きく、一字変換では復元先を確定できない。
熟語変換,弁析,辨析,多対一・弁系,中,多目標分岐が大きく、一字変換では復元先を確定できない。
熟語変換,弁舌,辯舌,多対一・弁系,中,多目標分岐が大きく、一字変換では復元先を確定できない。
熟語変換,弁知,辨知,多対一・弁系,中,多目標分岐が大きく、一字変換では復元先を確定できない。
熟語変換,弁当,辨當,多対一・弁系,中,多目標分岐が大きく、一字変換では復元先を確定できない。
熟語変換,弁難,辯難,多対一・弁系,中,多目標分岐が大きく、一字変換では復元先を確定できない。
熟語変換,弁駁,辯駁,多対一・弁系,中,多目標分岐が大きく、一字変換では復元先を確定できない。
熟語変換,弁別,辨別,多対一・弁系,中,多目標分岐が大きく、一字変換では復元先を確定できない。
熟語変換,弁片,瓣片,多対一・弁系,中,多目標分岐が大きく、一字変換では復元先を確定できない。
熟語変換,弁膜,瓣膜,多対一・弁系,中,多目標分岐が大きく、一字変換では復元先を確定できない。
熟語変換,弁務,辨務,多対一・弁系,中,多目標分岐が大きく、一字変換では復元先を確定できない。
熟語変換,弁明,辯明,多対一・弁系,中,多目標分岐が大きく、一字変換では復元先を確定できない。
熟語変換,弁理,辨理,多対一・弁系,中,多目標分岐が大きく、一字変換では復元先を確定できない。
熟語変換,弁論,辯論,多対一・弁系,中,多目標分岐が大きく、一字変換では復元先を確定できない。
熟語変換,弁惑,辨惑,多対一・弁系,中,多目標分岐が大きく、一字変換では復元先を確定できない。
熟語変換,明弁,明辨,多対一・弁系,中,多目標分岐が大きく、一字変換では復元先を確定できない。
熟語変換,訳注,譯註,非旧字体・注註系,中,多目標分岐が大きく、一字変換では復元先を確定できない。
熟語変換,雄弁,雄辯,多対一・弁系,中,多目標分岐が大きく、一字変換では復元先を確定できない。
一字変換,予,豫,,低～中,例外語を先に保護してから適用。
例外保護,予（われ）,予（われ）,予,低,豫由来語が多いため予→豫は可能。ただし漢文調の一人称だけ保持。
例外保護,予が,予が,予,低,豫由来語が多いため予→豫は可能。ただし漢文調の一人称だけ保持。
例外保護,予に,予に,予,低,豫由来語が多いため予→豫は可能。ただし漢文調の一人称だけ保持。
例外保護,予の,予の,予,低,豫由来語が多いため予→豫は可能。ただし漢文調の一人称だけ保持。
例外保護,予は,予は,予,低,豫由来語が多いため予→豫は可能。ただし漢文調の一人称だけ保持。
例外保護,予も,予も,予,低,豫由来語が多いため予→豫は可能。ただし漢文調の一人称だけ保持。
例外保護,予を,予を,予,低,豫由来語が多いため予→豫は可能。ただし漢文調の一人称だけ保持。
例外保護,予輩,予輩,予,低,豫由来語が多いため予→豫は可能。ただし漢文調の一人称だけ保持。
一字変換,余,餘,,低～中,例外語を先に保護してから適用。
例外保護,余（われ）,余（われ）,余,低,餘由来語が多いため余→餘は可能。ただし一人称・余所系は保持候補。
例外保護,余が,余が,余,低,餘由来語が多いため余→餘は可能。ただし一人称・余所系は保持候補。
例外保護,余に,余に,余,低,餘由来語が多いため余→餘は可能。ただし一人称・余所系は保持候補。
例外保護,余の,余の,余,低,餘由来語が多いため余→餘は可能。ただし一人称・余所系は保持候補。
例外保護,余は,余は,余,低,餘由来語が多いため余→餘は可能。ただし一人称・余所系は保持候補。
例外保護,余も,余も,余,低,餘由来語が多いため余→餘は可能。ただし一人称・余所系は保持候補。
例外保護,余を,余を,余,低,餘由来語が多いため余→餘は可能。ただし一人称・余所系は保持候補。
例外保護,余所,余所,余,低,餘由来語が多いため余→餘は可能。ただし一人称・余所系は保持候補。
例外保護,余所見,余所見,余,低,餘由来語が多いため余→餘は可能。ただし一人称・余所系は保持候補。
例外保護,余所行き,余所行き,余,低,餘由来語が多いため余→餘は可能。ただし一人称・余所系は保持候補。
例外保護,余輩,余輩,余,低,餘由来語が多いため余→餘は可能。ただし一人称・余所系は保持候補。
熟語変換,離弁花,離瓣花,多対一・弁系,中,多目標分岐が大きく、一字変換では復元先を確定できない。
熟語変換,訥弁,訥辯,多対一・弁系,中,多目標分岐が大きく、一字変換では復元先を確定できない。
熟語変換,詭弁,詭辯,多対一・弁系,中,多目標分岐が大きく、一字変換では復元先を確定できない。
