系統,現代表記,旧表記候補,v1旧表記,推奨処理,理由,補正メモ,出典URL候補
多対一・弁系,弁護,辯護,辯護,熟語マッピング維持,多目標分岐が大きく、一字変換では復元先を確定できない。,,https://kanji.jitenon.jp/ / https://kokugo.jitenon.jp/ / https://kakijun.com/
多対一・弁系,弁論,辯論,辯論,熟語マッピング維持,多目標分岐が大きく、一字変換では復元先を確定できない。,,https://kanji.jitenon.jp/ / https://kokugo.jitenon.jp/ / https://kakijun.com/
多対一・弁系,弁舌,辯舌,辯舌,熟語マッピング維持,多目標分岐が大きく、一字変換では復元先を確定できない。,,https://kanji.jitenon.jp/ / https://kokugo.jitenon.jp/ / https://kakijun.com/
多対一・弁系,弁明,辯明,辯明,熟語マッピング維持,多目標分岐が大きく、一字変換では復元先を確定できない。,,https://kanji.jitenon.jp/ / https://kokugo.jitenon.jp/ / https://kakijun.com/
多対一・弁系,答弁,答辯,答辯,熟語マッピング維持,多目標分岐が大きく、一字変換では復元先を確定できない。,,https://kanji.jitenon.jp/ / https://kokugo.jitenon.jp/ / https://kakijun.com/
多対一・弁系,抗弁,抗辯,抗辯,熟語マッピング維持,多目標分岐が大きく、一字変換では復元先を確定できない。,,https://kanji.jitenon.jp/ / https://kokugo.jitenon.jp/ / https://kakijun.com/
多対一・弁系,詭弁,詭辯,詭辯,熟語マッピング維持,多目標分岐が大きく、一字変換では復元先を確定できない。,,https://kanji.jitenon.jp/ / https://kokugo.jitenon.jp/ / https://kakijun.com/
多対一・弁系,強弁,強辯,強辯,熟語マッピング維持,多目標分岐が大きく、一字変換では復元先を確定できない。,,https://kanji.jitenon.jp/ / https://kokugo.jitenon.jp/ / https://kakijun.com/
多対一・弁系,多弁,多辯,多辯,熟語マッピング維持,多目標分岐が大きく、一字変換では復元先を確定できない。,,https://kanji.jitenon.jp/ / https://kokugo.jitenon.jp/ / https://kakijun.com/
多対一・弁系,能弁,能辯,能辯,熟語マッピング維持,多目標分岐が大きく、一字変換では復元先を確定できない。,,https://kanji.jitenon.jp/ / https://kokugo.jitenon.jp/ / https://kakijun.com/
多対一・弁系,雄弁,雄辯,雄辯,熟語マッピング維持,多目標分岐が大きく、一字変換では復元先を確定できない。,,https://kanji.jitenon.jp/ / https://kokugo.jitenon.jp/ / https://kakijun.com/
多対一・弁系,熱弁,熱辯,熱辯,熟語マッピング維持,多目標分岐が大きく、一字変換では復元先を確定できない。,,https://kanji.jitenon.jp/ / https://kokugo.jitenon.jp/ / https://kakijun.com/
多対一・弁系,代弁,代辯,代辯,熟語マッピング維持,多目標分岐が大きく、一字変換では復元先を確定できない。,,https://kanji.jitenon.jp/ / https://kokugo.jitenon.jp/ / https://kakijun.com/
多対一・弁系,弁難,辯難,辯難,熟語マッピング維持,多目標分岐が大きく、一字変換では復元先を確定できない。,,https://kanji.jitenon.jp/ / https://kokugo.jitenon.jp/ / https://kakijun.com/
多対一・弁系,弁駁,辯駁,辯駁,熟語マッピング維持,多目標分岐が大きく、一字変換では復元先を確定できない。,,https://kanji.jitenon.jp/ / https://kokugo.jitenon.jp/ / https://kakijun.com/
多対一・弁系,弁証,辯證,辯證,熟語マッピング維持,多目標分岐が大きく、一字変換では復元先を確定できない。,,https://kanji.jitenon.jp/ / https://kokugo.jitenon.jp/ / https://kakijun.com/
多対一・弁系,弁解,辯解,辯解,熟語マッピング維持,多目標分岐が大きく、一字変換では復元先を確定できない。,,https://kanji.jitenon.jp/ / https://kokugo.jitenon.jp/ / https://kakijun.com/
多対一・弁系,弁才,辯才,辯才,熟語マッピング維持,多目標分岐が大きく、一字変換では復元先を確定できない。,,https://kanji.jitenon.jp/ / https://kokugo.jitenon.jp/ / https://kakijun.com/
多対一・弁系,弁口,辯口,辯口,熟語マッピング維持,多目標分岐が大きく、一字変換では復元先を確定できない。,,https://kanji.jitenon.jp/ / https://kokugo.jitenon.jp/ / https://kakijun.com/
多対一・弁系,訥弁,訥辯,訥辯,熟語マッピング維持,多目標分岐が大きく、一字変換では復元先を確定できない。,,https://kanji.jitenon.jp/ / https://kokugo.jitenon.jp/ / https://kakijun.com/
多対一・弁系,口弁,口辯,口辯,熟語マッピング維持,多目標分岐が大きく、一字変換では復元先を確定できない。,,https://kanji.jitenon.jp/ / https://kokugo.jitenon.jp/ / https://kakijun.com/
多対一・弁系,陳弁,陳辯,陳辯,熟語マッピング維持,多目標分岐が大きく、一字変換では復元先を確定できない。,,https://kanji.jitenon.jp/ / https://kokugo.jitenon.jp/ / https://kakijun.com/
多対一・弁系,弁別,辨別,辨別,熟語マッピング維持,多目標分岐が大きく、一字変換では復元先を確定できない。,,https://kanji.jitenon.jp/ / https://kokugo.jitenon.jp/ / https://kakijun.com/
多対一・弁系,弁識,辨識,辨識,熟語マッピング維持,多目標分岐が大きく、一字変換では復元先を確定できない。,,https://kanji.jitenon.jp/ / https://kokugo.jitenon.jp/ / https://kakijun.com/
多対一・弁系,弁析,辨析,辨析,熟語マッピング維持,多目標分岐が大きく、一字変換では復元先を確定できない。,,https://kanji.jitenon.jp/ / https://kokugo.jitenon.jp/ / https://kakijun.com/
多対一・弁系,弁理,辨理,辨理,熟語マッピング維持,多目標分岐が大きく、一字変換では復元先を確定できない。,,https://kanji.jitenon.jp/ / https://kokugo.jitenon.jp/ / https://kakijun.com/
多対一・弁系,弁済,辨濟,辨濟,熟語マッピング維持,多目標分岐が大きく、一字変換では復元先を確定できない。,,https://kanji.jitenon.jp/ / https://kokugo.jitenon.jp/ / https://kakijun.com/
多対一・弁系,弁償,辨償,辨償,熟語マッピング維持,多目標分岐が大きく、一字変換では復元先を確定できない。,,https://kanji.jitenon.jp/ / https://kokugo.jitenon.jp/ / https://kakijun.com/
多対一・弁系,弁当,辨當,辨當,熟語マッピング維持,多目標分岐が大きく、一字変換では復元先を確定できない。,,https://kanji.jitenon.jp/ / https://kokugo.jitenon.jp/ / https://kakijun.com/
多対一・弁系,弁務,辨務,辨務,熟語マッピング維持,多目標分岐が大きく、一字変換では復元先を確定できない。,,https://kanji.jitenon.jp/ / https://kokugo.jitenon.jp/ / https://kakijun.com/
多対一・弁系,弁事,辨事,辨事,熟語マッピング維持,多目標分岐が大きく、一字変換では復元先を確定できない。,,https://kanji.jitenon.jp/ / https://kokugo.jitenon.jp/ / https://kakijun.com/
多対一・弁系,分弁,分辨,分辨,熟語マッピング維持,多目標分岐が大きく、一字変換では復元先を確定できない。,,https://kanji.jitenon.jp/ / https://kokugo.jitenon.jp/ / https://kakijun.com/
多対一・弁系,判弁,判辨,判辨,熟語マッピング維持,多目標分岐が大きく、一字変換では復元先を確定できない。,,https://kanji.jitenon.jp/ / https://kokugo.jitenon.jp/ / https://kakijun.com/
多対一・弁系,思弁,思辨,思辨,熟語マッピング維持,多目標分岐が大きく、一字変換では復元先を確定できない。,,https://kanji.jitenon.jp/ / https://kokugo.jitenon.jp/ / https://kakijun.com/
多対一・弁系,明弁,明辨,明辨,熟語マッピング維持,多目標分岐が大きく、一字変換では復元先を確定できない。,,https://kanji.jitenon.jp/ / https://kokugo.jitenon.jp/ / https://kakijun.com/
多対一・弁系,識弁,識辨,識辨,熟語マッピング維持,多目標分岐が大きく、一字変換では復元先を確定できない。,,https://kanji.jitenon.jp/ / https://kokugo.jitenon.jp/ / https://kakijun.com/
多対一・弁系,弁惑,辨惑,辨惑,熟語マッピング維持,多目標分岐が大きく、一字変換では復元先を確定できない。,,https://kanji.jitenon.jp/ / https://kokugo.jitenon.jp/ / https://kakijun.com/
多対一・弁系,弁正,辨正,辨正,熟語マッピング維持,多目標分岐が大きく、一字変換では復元先を確定できない。,,https://kanji.jitenon.jp/ / https://kokugo.jitenon.jp/ / https://kakijun.com/
多対一・弁系,弁知,辨知,辨知,熟語マッピング維持,多目標分岐が大きく、一字変換では復元先を確定できない。,,https://kanji.jitenon.jp/ / https://kokugo.jitenon.jp/ / https://kakijun.com/
多対一・弁系,花弁,花瓣,花瓣,熟語マッピング維持,多目標分岐が大きく、一字変換では復元先を確定できない。,,https://kanji.jitenon.jp/ / https://kokugo.jitenon.jp/ / https://kakijun.com/
多対一・弁系,弁膜,瓣膜,瓣膜,熟語マッピング維持,多目標分岐が大きく、一字変換では復元先を確定できない。,,https://kanji.jitenon.jp/ / https://kokugo.jitenon.jp/ / https://kakijun.com/
多対一・弁系,僧帽弁,僧帽瓣,僧帽瓣,熟語マッピング維持,多目標分岐が大きく、一字変換では復元先を確定できない。,,https://kanji.jitenon.jp/ / https://kokugo.jitenon.jp/ / https://kakijun.com/
多対一・弁系,心臓弁,心臟瓣,心臟瓣,熟語マッピング維持,多目標分岐が大きく、一字変換では復元先を確定できない。,,https://kanji.jitenon.jp/ / https://kokugo.jitenon.jp/ / https://kakijun.com/
多対一・弁系,大動脈弁,大動脈瓣,大動脈瓣,熟語マッピング維持,多目標分岐が大きく、一字変換では復元先を確定できない。,,https://kanji.jitenon.jp/ / https://kokugo.jitenon.jp/ / https://kakijun.com/
多対一・弁系,静脈弁,靜脈瓣,靜脈瓣,熟語マッピング維持,多目標分岐が大きく、一字変換では復元先を確定できない。,,https://kanji.jitenon.jp/ / https://kokugo.jitenon.jp/ / https://kakijun.com/
多対一・弁系,安全弁,安全瓣,安全瓣,熟語マッピング維持,多目標分岐が大きく、一字変換では復元先を確定できない。,,https://kanji.jitenon.jp/ / https://kokugo.jitenon.jp/ / https://kakijun.com/
多対一・弁系,調整弁,調整瓣,調整瓣,熟語マッピング維持,多目標分岐が大きく、一字変換では復元先を確定できない。,,https://kanji.jitenon.jp/ / https://kokugo.jitenon.jp/ / https://kakijun.com/
多対一・弁系,逆止弁,逆止瓣,逆止瓣,熟語マッピング維持,多目標分岐が大きく、一字変換では復元先を確定できない。,,https://kanji.jitenon.jp/ / https://kokugo.jitenon.jp/ / https://kakijun.com/
多対一・弁系,吸気弁,吸氣瓣,吸氣瓣,熟語マッピング維持,多目標分岐が大きく、一字変換では復元先を確定できない。,,https://kanji.jitenon.jp/ / https://kokugo.jitenon.jp/ / https://kakijun.com/
多対一・弁系,排気弁,排氣瓣,排氣瓣,熟語マッピング維持,多目標分岐が大きく、一字変換では復元先を確定できない。,,https://kanji.jitenon.jp/ / https://kokugo.jitenon.jp/ / https://kakijun.com/
多対一・弁系,弁状,瓣狀,瓣狀,熟語マッピング維持,多目標分岐が大きく、一字変換では復元先を確定できない。,,https://kanji.jitenon.jp/ / https://kokugo.jitenon.jp/ / https://kakijun.com/
多対一・弁系,弁口,瓣口,瓣口,熟語マッピング維持,多目標分岐が大きく、一字変換では復元先を確定できない。,,https://kanji.jitenon.jp/ / https://kokugo.jitenon.jp/ / https://kakijun.com/
多対一・弁系,弁片,瓣片,瓣片,熟語マッピング維持,多目標分岐が大きく、一字変換では復元先を確定できない。,,https://kanji.jitenon.jp/ / https://kokugo.jitenon.jp/ / https://kakijun.com/
多対一・弁系,単弁,單瓣,單瓣,熟語マッピング維持,多目標分岐が大きく、一字変換では復元先を確定できない。,,https://kanji.jitenon.jp/ / https://kokugo.jitenon.jp/ / https://kakijun.com/
多対一・弁系,重弁,重瓣,重瓣,熟語マッピング維持,多目標分岐が大きく、一字変換では復元先を確定できない。,,https://kanji.jitenon.jp/ / https://kokugo.jitenon.jp/ / https://kakijun.com/
多対一・弁系,離弁花,離瓣花,離瓣花,熟語マッピング維持,多目標分岐が大きく、一字変換では復元先を確定できない。,,https://kanji.jitenon.jp/ / https://kokugo.jitenon.jp/ / https://kakijun.com/
多対一・弁系,合弁花,合瓣花,合瓣花,熟語マッピング維持,多目標分岐が大きく、一字変換では復元先を確定できない。,,https://kanji.jitenon.jp/ / https://kokugo.jitenon.jp/ / https://kakijun.com/
多対一・予系,予定,豫定,豫定,一字変換で吸収,旧字由来語の件数が多く、本来字側の例外が少ないため、熟語列挙より一字変換＋例外保持の方が簡潔。,,https://kanji.jitenon.jp/ / https://kokugo.jitenon.jp/ / https://kakijun.com/
多対一・予系,予算,豫算,豫算,一字変換で吸収,旧字由来語の件数が多く、本来字側の例外が少ないため、熟語列挙より一字変換＋例外保持の方が簡潔。,,https://kanji.jitenon.jp/ / https://kokugo.jitenon.jp/ / https://kakijun.com/
多対一・予系,予約,豫約,豫約,一字変換で吸収,旧字由来語の件数が多く、本来字側の例外が少ないため、熟語列挙より一字変換＋例外保持の方が簡潔。,,https://kanji.jitenon.jp/ / https://kokugo.jitenon.jp/ / https://kakijun.com/
多対一・予系,予防,豫防,豫防,一字変換で吸収,旧字由来語の件数が多く、本来字側の例外が少ないため、熟語列挙より一字変換＋例外保持の方が簡潔。,,https://kanji.jitenon.jp/ / https://kokugo.jitenon.jp/ / https://kakijun.com/
多対一・予系,予告,豫告,豫告,一字変換で吸収,旧字由来語の件数が多く、本来字側の例外が少ないため、熟語列挙より一字変換＋例外保持の方が簡潔。,,https://kanji.jitenon.jp/ / https://kokugo.jitenon.jp/ / https://kakijun.com/
多対一・予系,予備,豫備,豫備,一字変換で吸収,旧字由来語の件数が多く、本来字側の例外が少ないため、熟語列挙より一字変換＋例外保持の方が簡潔。,,https://kanji.jitenon.jp/ / https://kokugo.jitenon.jp/ / https://kakijun.com/
多対一・予系,予習,豫習,豫習,一字変換で吸収,旧字由来語の件数が多く、本来字側の例外が少ないため、熟語列挙より一字変換＋例外保持の方が簡潔。,,https://kanji.jitenon.jp/ / https://kokugo.jitenon.jp/ / https://kakijun.com/
多対一・予系,予想,豫想,豫想,一字変換で吸収,旧字由来語の件数が多く、本来字側の例外が少ないため、熟語列挙より一字変換＋例外保持の方が簡潔。,,https://kanji.jitenon.jp/ / https://kokugo.jitenon.jp/ / https://kakijun.com/
多対一・予系,予測,豫測,豫測,一字変換で吸収,旧字由来語の件数が多く、本来字側の例外が少ないため、熟語列挙より一字変換＋例外保持の方が簡潔。,,https://kanji.jitenon.jp/ / https://kokugo.jitenon.jp/ / https://kakijun.com/
多対一・予系,予報,豫報,豫報,一字変換で吸収,旧字由来語の件数が多く、本来字側の例外が少ないため、熟語列挙より一字変換＋例外保持の方が簡潔。,,https://kanji.jitenon.jp/ / https://kokugo.jitenon.jp/ / https://kakijun.com/
多対一・予系,予言,豫言,豫言,一字変換で吸収,旧字由来語の件数が多く、本来字側の例外が少ないため、熟語列挙より一字変換＋例外保持の方が簡潔。,,https://kanji.jitenon.jp/ / https://kokugo.jitenon.jp/ / https://kakijun.com/
多対一・予系,予知,豫知,豫知,一字変換で吸収,旧字由来語の件数が多く、本来字側の例外が少ないため、熟語列挙より一字変換＋例外保持の方が簡潔。,,https://kanji.jitenon.jp/ / https://kokugo.jitenon.jp/ / https://kakijun.com/
多対一・予系,予感,豫感,豫感,一字変換で吸収,旧字由来語の件数が多く、本来字側の例外が少ないため、熟語列挙より一字変換＋例外保持の方が簡潔。,,https://kanji.jitenon.jp/ / https://kokugo.jitenon.jp/ / https://kakijun.com/
多対一・予系,予期,豫期,豫期,一字変換で吸収,旧字由来語の件数が多く、本来字側の例外が少ないため、熟語列挙より一字変換＋例外保持の方が簡潔。,,https://kanji.jitenon.jp/ / https://kokugo.jitenon.jp/ / https://kakijun.com/
多対一・予系,予見,豫見,豫見,一字変換で吸収,旧字由来語の件数が多く、本来字側の例外が少ないため、熟語列挙より一字変換＋例外保持の方が簡潔。,,https://kanji.jitenon.jp/ / https://kokugo.jitenon.jp/ / https://kakijun.com/
多対一・予系,予断,豫断,豫断,一字変換で吸収,旧字由来語の件数が多く、本来字側の例外が少ないため、熟語列挙より一字変換＋例外保持の方が簡潔。,,https://kanji.jitenon.jp/ / https://kokugo.jitenon.jp/ / https://kakijun.com/
多対一・予系,予兆,豫兆,豫兆,一字変換で吸収,旧字由来語の件数が多く、本来字側の例外が少ないため、熟語列挙より一字変換＋例外保持の方が簡潔。,,https://kanji.jitenon.jp/ / https://kokugo.jitenon.jp/ / https://kakijun.com/
多対一・予系,予熱,豫熱,豫熱,一字変換で吸収,旧字由来語の件数が多く、本来字側の例外が少ないため、熟語列挙より一字変換＋例外保持の方が簡潔。,,https://kanji.jitenon.jp/ / https://kokugo.jitenon.jp/ / https://kakijun.com/
多対一・予系,予審,豫審,豫審,一字変換で吸収,旧字由来語の件数が多く、本来字側の例外が少ないため、熟語列挙より一字変換＋例外保持の方が簡潔。,,https://kanji.jitenon.jp/ / https://kokugo.jitenon.jp/ / https://kakijun.com/
多対一・予系,予後,豫後,豫後,一字変換で吸収,旧字由来語の件数が多く、本来字側の例外が少ないため、熟語列挙より一字変換＋例外保持の方が簡潔。,,https://kanji.jitenon.jp/ / https://kokugo.jitenon.jp/ / https://kakijun.com/
多対一・予系,予選,豫選,豫選,一字変換で吸収,旧字由来語の件数が多く、本来字側の例外が少ないため、熟語列挙より一字変換＋例外保持の方が簡潔。,,https://kanji.jitenon.jp/ / https://kokugo.jitenon.jp/ / https://kakijun.com/
多対一・予系,予科,豫科,豫科,一字変換で吸収,旧字由来語の件数が多く、本来字側の例外が少ないため、熟語列挙より一字変換＋例外保持の方が簡潔。,,https://kanji.jitenon.jp/ / https://kokugo.jitenon.jp/ / https://kakijun.com/
多対一・予系,予稿,豫稿,豫稿,一字変換で吸収,旧字由来語の件数が多く、本来字側の例外が少ないため、熟語列挙より一字変換＋例外保持の方が簡潔。,,https://kanji.jitenon.jp/ / https://kokugo.jitenon.jp/ / https://kakijun.com/
多対一・予系,予診,豫診,豫診,一字変換で吸収,旧字由来語の件数が多く、本来字側の例外が少ないため、熟語列挙より一字変換＋例外保持の方が簡潔。,,https://kanji.jitenon.jp/ / https://kokugo.jitenon.jp/ / https://kakijun.com/
多対一・予系,予納,豫納,豫納,一字変換で吸収,旧字由来語の件数が多く、本来字側の例外が少ないため、熟語列挙より一字変換＋例外保持の方が簡潔。,,https://kanji.jitenon.jp/ / https://kokugo.jitenon.jp/ / https://kakijun.com/
多対一・予系,予価,豫価,豫価,一字変換で吸収,旧字由来語の件数が多く、本来字側の例外が少ないため、熟語列挙より一字変換＋例外保持の方が簡潔。,,https://kanji.jitenon.jp/ / https://kokugo.jitenon.jp/ / https://kakijun.com/
多対一・予系,予察,豫察,豫察,一字変換で吸収,旧字由来語の件数が多く、本来字側の例外が少ないため、熟語列挙より一字変換＋例外保持の方が簡潔。,,https://kanji.jitenon.jp/ / https://kokugo.jitenon.jp/ / https://kakijun.com/
多対一・予系,予行,豫行,豫行,一字変換で吸収,旧字由来語の件数が多く、本来字側の例外が少ないため、熟語列挙より一字変換＋例外保持の方が簡潔。,,https://kanji.jitenon.jp/ / https://kokugo.jitenon.jp/ / https://kakijun.com/
多対一・予系,予令,豫令,豫令,一字変換で吸収,旧字由来語の件数が多く、本来字側の例外が少ないため、熟語列挙より一字変換＋例外保持の方が簡潔。,,https://kanji.jitenon.jp/ / https://kokugo.jitenon.jp/ / https://kakijun.com/
多対一・予系,予祝,豫祝,豫祝,一字変換で吸収,旧字由来語の件数が多く、本来字側の例外が少ないため、熟語列挙より一字変換＋例外保持の方が簡潔。,,https://kanji.jitenon.jp/ / https://kokugo.jitenon.jp/ / https://kakijun.com/
多対一・予系,予備校,豫備校,豫備校,一字変換で吸収,旧字由来語の件数が多く、本来字側の例外が少ないため、熟語列挙より一字変換＋例外保持の方が簡潔。,,https://kanji.jitenon.jp/ / https://kokugo.jitenon.jp/ / https://kakijun.com/
多対一・予系,予算案,豫算案,豫算案,一字変換で吸収,旧字由来語の件数が多く、本来字側の例外が少ないため、熟語列挙より一字変換＋例外保持の方が簡潔。,,https://kanji.jitenon.jp/ / https://kokugo.jitenon.jp/ / https://kakijun.com/
多対一・予系,予約語,豫約語,豫約語,一字変換で吸収,旧字由来語の件数が多く、本来字側の例外が少ないため、熟語列挙より一字変換＋例外保持の方が簡潔。,,https://kanji.jitenon.jp/ / https://kokugo.jitenon.jp/ / https://kakijun.com/
多対一・予系,猶予,猶豫,猶豫,一字変換で吸収,旧字由来語の件数が多く、本来字側の例外が少ないため、熟語列挙より一字変換＋例外保持の方が簡潔。,,https://kanji.jitenon.jp/ / https://kokugo.jitenon.jp/ / https://kakijun.com/
多対一・予系,予め,豫め,豫め,一字変換で吸収,旧字由来語の件数が多く、本来字側の例外が少ないため、熟語列挙より一字変換＋例外保持の方が簡潔。,,https://kanji.jitenon.jp/ / https://kokugo.jitenon.jp/ / https://kakijun.com/
多対一・予系,伊予,伊豫,伊豫,一字変換で吸収,旧字由来語の件数が多く、本来字側の例外が少ないため、熟語列挙より一字変換＋例外保持の方が簡潔。,,https://kanji.jitenon.jp/ / https://kokugo.jitenon.jp/ / https://kakijun.com/
多対一・予系,予州,豫州,豫州,一字変換で吸収,旧字由来語の件数が多く、本来字側の例外が少ないため、熟語列挙より一字変換＋例外保持の方が簡潔。,,https://kanji.jitenon.jp/ / https://kokugo.jitenon.jp/ / https://kakijun.com/
多対一・予系,豊予海峡,豐豫海峽,豐豫海峽,一字変換で吸収,旧字由来語の件数が多く、本来字側の例外が少ないため、熟語列挙より一字変換＋例外保持の方が簡潔。,,https://kanji.jitenon.jp/ / https://kokugo.jitenon.jp/ / https://kakijun.com/
多対一・予系,予讃線,豫讚線,豫讚線,一字変換で吸収,旧字由来語の件数が多く、本来字側の例外が少ないため、熟語列挙より一字変換＋例外保持の方が簡潔。,,https://kanji.jitenon.jp/ / https://kokugo.jitenon.jp/ / https://kakijun.com/
多対一・余系,余裕,餘裕,餘裕,一字変換で吸収,旧字由来語の件数が多く、本来字側の例外が少ないため、熟語列挙より一字変換＋例外保持の方が簡潔。,,https://kanji.jitenon.jp/ / https://kokugo.jitenon.jp/ / https://kakijun.com/
多対一・余系,余剰,餘剩,餘剩,一字変換で吸収,旧字由来語の件数が多く、本来字側の例外が少ないため、熟語列挙より一字変換＋例外保持の方が簡潔。,,https://kanji.jitenon.jp/ / https://kokugo.jitenon.jp/ / https://kakijun.com/
多対一・余系,余分,餘分,餘分,一字変換で吸収,旧字由来語の件数が多く、本来字側の例外が少ないため、熟語列挙より一字変換＋例外保持の方が簡潔。,,https://kanji.jitenon.jp/ / https://kokugo.jitenon.jp/ / https://kakijun.com/
多対一・余系,余地,餘地,餘地,一字変換で吸収,旧字由来語の件数が多く、本来字側の例外が少ないため、熟語列挙より一字変換＋例外保持の方が簡潔。,,https://kanji.jitenon.jp/ / https://kokugo.jitenon.jp/ / https://kakijun.com/
多対一・余系,余白,餘白,餘白,一字変換で吸収,旧字由来語の件数が多く、本来字側の例外が少ないため、熟語列挙より一字変換＋例外保持の方が簡潔。,,https://kanji.jitenon.jp/ / https://kokugo.jitenon.jp/ / https://kakijun.com/
多対一・余系,余計,餘計,餘計,一字変換で吸収,旧字由来語の件数が多く、本来字側の例外が少ないため、熟語列挙より一字変換＋例外保持の方が簡潔。,,https://kanji.jitenon.jp/ / https://kokugo.jitenon.jp/ / https://kakijun.com/
多対一・余系,余興,餘興,餘興,一字変換で吸収,旧字由来語の件数が多く、本来字側の例外が少ないため、熟語列挙より一字変換＋例外保持の方が簡潔。,,https://kanji.jitenon.jp/ / https://kokugo.jitenon.jp/ / https://kakijun.com/
多対一・余系,余韻,餘韻,餘韻,一字変換で吸収,旧字由来語の件数が多く、本来字側の例外が少ないため、熟語列挙より一字変換＋例外保持の方が簡潔。,,https://kanji.jitenon.jp/ / https://kokugo.jitenon.jp/ / https://kakijun.com/
多対一・余系,余談,餘談,餘談,一字変換で吸収,旧字由来語の件数が多く、本来字側の例外が少ないため、熟語列挙より一字変換＋例外保持の方が簡潔。,,https://kanji.jitenon.jp/ / https://kokugo.jitenon.jp/ / https://kakijun.com/
多対一・余系,余波,餘波,餘波,一字変換で吸収,旧字由来語の件数が多く、本来字側の例外が少ないため、熟語列挙より一字変換＋例外保持の方が簡潔。,,https://kanji.jitenon.jp/ / https://kokugo.jitenon.jp/ / https://kakijun.com/
多対一・余系,余命,餘命,餘命,一字変換で吸収,旧字由来語の件数が多く、本来字側の例外が少ないため、熟語列挙より一字変換＋例外保持の方が簡潔。,,https://kanji.jitenon.jp/ / https://kokugo.jitenon.jp/ / https://kakijun.com/
多対一・余系,余生,餘生,餘生,一字変換で吸収,旧字由来語の件数が多く、本来字側の例外が少ないため、熟語列挙より一字変換＋例外保持の方が簡潔。,,https://kanji.jitenon.jp/ / https://kokugo.jitenon.jp/ / https://kakijun.com/
多対一・余系,余年,餘年,餘年,一字変換で吸収,旧字由来語の件数が多く、本来字側の例外が少ないため、熟語列挙より一字変換＋例外保持の方が簡潔。,,https://kanji.jitenon.jp/ / https://kokugo.jitenon.jp/ / https://kakijun.com/
多対一・余系,余寒,餘寒,餘寒,一字変換で吸収,旧字由来語の件数が多く、本来字側の例外が少ないため、熟語列挙より一字変換＋例外保持の方が簡潔。,,https://kanji.jitenon.jp/ / https://kokugo.jitenon.jp/ / https://kakijun.com/
多対一・余系,余熱,餘熱,餘熱,一字変換で吸収,旧字由来語の件数が多く、本来字側の例外が少ないため、熟語列挙より一字変換＋例外保持の方が簡潔。,,https://kanji.jitenon.jp/ / https://kokugo.jitenon.jp/ / https://kakijun.com/
多対一・余系,余震,餘震,餘震,一字変換で吸収,旧字由来語の件数が多く、本来字側の例外が少ないため、熟語列挙より一字変換＋例外保持の方が簡潔。,,https://kanji.jitenon.jp/ / https://kokugo.jitenon.jp/ / https://kakijun.com/
多対一・余系,余罪,餘罪,餘罪,一字変換で吸収,旧字由来語の件数が多く、本来字側の例外が少ないため、熟語列挙より一字変換＋例外保持の方が簡潔。,,https://kanji.jitenon.jp/ / https://kokugo.jitenon.jp/ / https://kakijun.com/
多対一・余系,余録,餘錄,餘錄,一字変換で吸収,旧字由来語の件数が多く、本来字側の例外が少ないため、熟語列挙より一字変換＋例外保持の方が簡潔。,,https://kanji.jitenon.jp/ / https://kokugo.jitenon.jp/ / https://kakijun.com/
多対一・余系,余情,餘情,餘情,一字変換で吸収,旧字由来語の件数が多く、本来字側の例外が少ないため、熟語列挙より一字変換＋例外保持の方が簡潔。,,https://kanji.jitenon.jp/ / https://kokugo.jitenon.jp/ / https://kakijun.com/
多対一・余系,余香,餘香,餘香,一字変換で吸収,旧字由来語の件数が多く、本来字側の例外が少ないため、熟語列挙より一字変換＋例外保持の方が簡潔。,,https://kanji.jitenon.jp/ / https://kokugo.jitenon.jp/ / https://kakijun.com/
多対一・余系,余勢,餘勢,餘勢,一字変換で吸収,旧字由来語の件数が多く、本来字側の例外が少ないため、熟語列挙より一字変換＋例外保持の方が簡潔。,,https://kanji.jitenon.jp/ / https://kokugo.jitenon.jp/ / https://kakijun.com/
多対一・余系,余滴,餘滴,餘滴,一字変換で吸収,旧字由来語の件数が多く、本来字側の例外が少ないため、熟語列挙より一字変換＋例外保持の方が簡潔。,,https://kanji.jitenon.jp/ / https://kokugo.jitenon.jp/ / https://kakijun.com/
多対一・余系,余弊,餘弊,餘弊,一字変換で吸収,旧字由来語の件数が多く、本来字側の例外が少ないため、熟語列挙より一字変換＋例外保持の方が簡潔。,,https://kanji.jitenon.jp/ / https://kokugo.jitenon.jp/ / https://kakijun.com/
多対一・余系,余類,餘類,餘類,一字変換で吸収,旧字由来語の件数が多く、本来字側の例外が少ないため、熟語列挙より一字変換＋例外保持の方が簡潔。,,https://kanji.jitenon.jp/ / https://kokugo.jitenon.jp/ / https://kakijun.com/
多対一・余系,余暇,餘暇,餘暇,一字変換で吸収,旧字由来語の件数が多く、本来字側の例外が少ないため、熟語列挙より一字変換＋例外保持の方が簡潔。,,https://kanji.jitenon.jp/ / https://kokugo.jitenon.jp/ / https://kakijun.com/
多対一・余系,余光,餘光,餘光,一字変換で吸収,旧字由来語の件数が多く、本来字側の例外が少ないため、熟語列挙より一字変換＋例外保持の方が簡潔。,,https://kanji.jitenon.jp/ / https://kokugo.jitenon.jp/ / https://kakijun.com/
多対一・余系,余財,餘財,餘財,一字変換で吸収,旧字由来語の件数が多く、本来字側の例外が少ないため、熟語列挙より一字変換＋例外保持の方が簡潔。,,https://kanji.jitenon.jp/ / https://kokugo.jitenon.jp/ / https://kakijun.com/
多対一・余系,余技,餘技,餘技,一字変換で吸収,旧字由来語の件数が多く、本来字側の例外が少ないため、熟語列挙より一字変換＋例外保持の方が簡潔。,,https://kanji.jitenon.jp/ / https://kokugo.jitenon.jp/ / https://kakijun.com/
多対一・余系,余程,餘程,餘程,一字変換で吸収,旧字由来語の件数が多く、本来字側の例外が少ないため、熟語列挙より一字変換＋例外保持の方が簡潔。,,https://kanji.jitenon.jp/ / https://kokugo.jitenon.jp/ / https://kakijun.com/
多対一・余系,余儀,餘儀,餘儀,一字変換で吸収,旧字由来語の件数が多く、本来字側の例外が少ないため、熟語列挙より一字変換＋例外保持の方が簡潔。,,https://kanji.jitenon.jp/ / https://kokugo.jitenon.jp/ / https://kakijun.com/
多対一・余系,余念,餘念,餘念,一字変換で吸収,旧字由来語の件数が多く、本来字側の例外が少ないため、熟語列挙より一字変換＋例外保持の方が簡潔。,,https://kanji.jitenon.jp/ / https://kokugo.jitenon.jp/ / https://kakijun.com/
多対一・余系,余力,餘力,餘力,一字変換で吸収,旧字由来語の件数が多く、本来字側の例外が少ないため、熟語列挙より一字変換＋例外保持の方が簡潔。,,https://kanji.jitenon.jp/ / https://kokugo.jitenon.jp/ / https://kakijun.com/
多対一・余系,余沢,餘澤,餘澤,一字変換で吸収,旧字由来語の件数が多く、本来字側の例外が少ないため、熟語列挙より一字変換＋例外保持の方が簡潔。,,https://kanji.jitenon.jp/ / https://kokugo.jitenon.jp/ / https://kakijun.com/
多対一・余系,余事,餘事,餘事,一字変換で吸収,旧字由来語の件数が多く、本来字側の例外が少ないため、熟語列挙より一字変換＋例外保持の方が簡潔。,,https://kanji.jitenon.jp/ / https://kokugo.jitenon.jp/ / https://kakijun.com/
多対一・余系,余日,餘日,餘日,一字変換で吸収,旧字由来語の件数が多く、本来字側の例外が少ないため、熟語列挙より一字変換＋例外保持の方が簡潔。,,https://kanji.jitenon.jp/ / https://kokugo.jitenon.jp/ / https://kakijun.com/
多対一・余系,余味,餘味,餘味,一字変換で吸収,旧字由来語の件数が多く、本来字側の例外が少ないため、熟語列挙より一字変換＋例外保持の方が簡潔。,,https://kanji.jitenon.jp/ / https://kokugo.jitenon.jp/ / https://kakijun.com/
多対一・余系,余炎,餘炎,餘炎,一字変換で吸収,旧字由来語の件数が多く、本来字側の例外が少ないため、熟語列挙より一字変換＋例外保持の方が簡潔。,,https://kanji.jitenon.jp/ / https://kokugo.jitenon.jp/ / https://kakijun.com/
多対一・余系,余燼,餘燼,餘燼,一字変換で吸収,旧字由来語の件数が多く、本来字側の例外が少ないため、熟語列挙より一字変換＋例外保持の方が簡潔。,,https://kanji.jitenon.jp/ / https://kokugo.jitenon.jp/ / https://kakijun.com/
多対一・余系,余慶,餘慶,餘慶,一字変換で吸収,旧字由来語の件数が多く、本来字側の例外が少ないため、熟語列挙より一字変換＋例外保持の方が簡潔。,,https://kanji.jitenon.jp/ / https://kokugo.jitenon.jp/ / https://kakijun.com/
多対一・余系,余薫,餘薫,餘薫,一字変換で吸収,旧字由来語の件数が多く、本来字側の例外が少ないため、熟語列挙より一字変換＋例外保持の方が簡潔。,,https://kanji.jitenon.jp/ / https://kokugo.jitenon.jp/ / https://kakijun.com/
多対一・余系,余聞,餘聞,餘聞,一字変換で吸収,旧字由来語の件数が多く、本来字側の例外が少ないため、熟語列挙より一字変換＋例外保持の方が簡潔。,,https://kanji.jitenon.jp/ / https://kokugo.jitenon.jp/ / https://kakijun.com/
多対一・余系,余蘊,餘蘊,餘蘊,一字変換で吸収,旧字由来語の件数が多く、本来字側の例外が少ないため、熟語列挙より一字変換＋例外保持の方が簡潔。,,https://kanji.jitenon.jp/ / https://kokugo.jitenon.jp/ / https://kakijun.com/
多対一・余系,剰余,剩餘,剩餘,一字変換で吸収,旧字由来語の件数が多く、本来字側の例外が少ないため、熟語列挙より一字変換＋例外保持の方が簡潔。,,https://kanji.jitenon.jp/ / https://kokugo.jitenon.jp/ / https://kakijun.com/
多対一・余系,残余,殘餘,殘餘,一字変換で吸収,旧字由来語の件数が多く、本来字側の例外が少ないため、熟語列挙より一字変換＋例外保持の方が簡潔。,,https://kanji.jitenon.jp/ / https://kokugo.jitenon.jp/ / https://kakijun.com/
多対一・余系,有余,有餘,有餘,一字変換で吸収,旧字由来語の件数が多く、本来字側の例外が少ないため、熟語列挙より一字変換＋例外保持の方が簡潔。,,https://kanji.jitenon.jp/ / https://kokugo.jitenon.jp/ / https://kakijun.com/
多対一・余系,過不足なく余りある,過不足なく餘りある,過不足なく餘りある,一字変換で吸収,旧字由来語の件数が多く、本来字側の例外が少ないため、熟語列挙より一字変換＋例外保持の方が簡潔。,,https://kanji.jitenon.jp/ / https://kokugo.jitenon.jp/ / https://kakijun.com/
多対一・台系,台地,臺地,臺地,一字変換で吸収,旧字由来語の件数が多く、本来字側の例外が少ないため、熟語列挙より一字変換＋例外保持の方が簡潔。,,https://kanji.jitenon.jp/ / https://kokugo.jitenon.jp/ / https://kakijun.com/
多対一・台系,台座,臺座,臺座,一字変換で吸収,旧字由来語の件数が多く、本来字側の例外が少ないため、熟語列挙より一字変換＋例外保持の方が簡潔。,,https://kanji.jitenon.jp/ / https://kokugo.jitenon.jp/ / https://kakijun.com/
多対一・台系,台帳,臺帳,臺帳,一字変換で吸収,旧字由来語の件数が多く、本来字側の例外が少ないため、熟語列挙より一字変換＋例外保持の方が簡潔。,,https://kanji.jitenon.jp/ / https://kokugo.jitenon.jp/ / https://kakijun.com/
多対一・台系,土台,土臺,土臺,一字変換で吸収,旧字由来語の件数が多く、本来字側の例外が少ないため、熟語列挙より一字変換＋例外保持の方が簡潔。,,https://kanji.jitenon.jp/ / https://kokugo.jitenon.jp/ / https://kakijun.com/
多対一・台系,舞台,舞臺,舞臺,一字変換で吸収,旧字由来語の件数が多く、本来字側の例外が少ないため、熟語列挙より一字変換＋例外保持の方が簡潔。,,https://kanji.jitenon.jp/ / https://kokugo.jitenon.jp/ / https://kakijun.com/
多対一・台系,灯台,燈臺,燈臺,一字変換で吸収,旧字由来語の件数が多く、本来字側の例外が少ないため、熟語列挙より一字変換＋例外保持の方が簡潔。,,https://kanji.jitenon.jp/ / https://kokugo.jitenon.jp/ / https://kakijun.com/
多対一・台系,砲台,砲臺,砲臺,一字変換で吸収,旧字由来語の件数が多く、本来字側の例外が少ないため、熟語列挙より一字変換＋例外保持の方が簡潔。,,https://kanji.jitenon.jp/ / https://kokugo.jitenon.jp/ / https://kakijun.com/
多対一・台系,台所,臺所,臺所,一字変換で吸収,旧字由来語の件数が多く、本来字側の例外が少ないため、熟語列挙より一字変換＋例外保持の方が簡潔。,,https://kanji.jitenon.jp/ / https://kokugo.jitenon.jp/ / https://kakijun.com/
多対一・台系,台車,臺車,臺車,一字変換で吸収,旧字由来語の件数が多く、本来字側の例外が少ないため、熟語列挙より一字変換＋例外保持の方が簡潔。,,https://kanji.jitenon.jp/ / https://kokugo.jitenon.jp/ / https://kakijun.com/
多対一・台系,台紙,臺紙,臺紙,一字変換で吸収,旧字由来語の件数が多く、本来字側の例外が少ないため、熟語列挙より一字変換＋例外保持の方が簡潔。,,https://kanji.jitenon.jp/ / https://kokugo.jitenon.jp/ / https://kakijun.com/
多対一・台系,台本,臺本,臺本,一字変換で吸収,旧字由来語の件数が多く、本来字側の例外が少ないため、熟語列挙より一字変換＋例外保持の方が簡潔。,,https://kanji.jitenon.jp/ / https://kokugo.jitenon.jp/ / https://kakijun.com/
多対一・台系,台詞,臺詞,臺詞,一字変換で吸収,旧字由来語の件数が多く、本来字側の例外が少ないため、熟語列挙より一字変換＋例外保持の方が簡潔。,,https://kanji.jitenon.jp/ / https://kokugo.jitenon.jp/ / https://kakijun.com/
多対一・台系,寝台,寝臺,寝臺,一字変換で吸収,旧字由来語の件数が多く、本来字側の例外が少ないため、熟語列挙より一字変換＋例外保持の方が簡潔。,,https://kanji.jitenon.jp/ / https://kokugo.jitenon.jp/ / https://kakijun.com/
多対一・台系,車台,車臺,車臺,一字変換で吸収,旧字由来語の件数が多く、本来字側の例外が少ないため、熟語列挙より一字変換＋例外保持の方が簡潔。,,https://kanji.jitenon.jp/ / https://kokugo.jitenon.jp/ / https://kakijun.com/
多対一・台系,屋台,屋臺,屋臺,一字変換で吸収,旧字由来語の件数が多く、本来字側の例外が少ないため、熟語列挙より一字変換＋例外保持の方が簡潔。,,https://kanji.jitenon.jp/ / https://kokugo.jitenon.jp/ / https://kakijun.com/
多対一・台系,高台,高臺,高臺,一字変換で吸収,旧字由来語の件数が多く、本来字側の例外が少ないため、熟語列挙より一字変換＋例外保持の方が簡潔。,,https://kanji.jitenon.jp/ / https://kokugo.jitenon.jp/ / https://kakijun.com/
多対一・台系,台形,臺形,臺形,一字変換で吸収,旧字由来語の件数が多く、本来字側の例外が少ないため、熟語列挙より一字変換＋例外保持の方が簡潔。,,https://kanji.jitenon.jp/ / https://kokugo.jitenon.jp/ / https://kakijun.com/
多対一・台系,台頭,擡頭,臺頭,一字変換の例外・上書き,台→臺を基本にしつつ、颱風系・擡頭系だけ語単位で上書きする。,v1の臺頭は暫定。字義上は擡頭系として別扱い候補。,https://kanji.jitenon.jp/ / https://kokugo.jitenon.jp/ / https://kakijun.com/
多対一・台系,台覧,臺覧,臺覧,一字変換で吸収,旧字由来語の件数が多く、本来字側の例外が少ないため、熟語列挙より一字変換＋例外保持の方が簡潔。,,https://kanji.jitenon.jp/ / https://kokugo.jitenon.jp/ / https://kakijun.com/
多対一・台系,台閣,臺閣,臺閣,一字変換で吸収,旧字由来語の件数が多く、本来字側の例外が少ないため、熟語列挙より一字変換＋例外保持の方が簡潔。,,https://kanji.jitenon.jp/ / https://kokugo.jitenon.jp/ / https://kakijun.com/
多対一・台系,台鼎,臺鼎,臺鼎,一字変換で吸収,旧字由来語の件数が多く、本来字側の例外が少ないため、熟語列挙より一字変換＋例外保持の方が簡潔。,,https://kanji.jitenon.jp/ / https://kokugo.jitenon.jp/ / https://kakijun.com/
多対一・台系,台盤,臺盤,臺盤,一字変換で吸収,旧字由来語の件数が多く、本来字側の例外が少ないため、熟語列挙より一字変換＋例外保持の方が簡潔。,,https://kanji.jitenon.jp/ / https://kokugo.jitenon.jp/ / https://kakijun.com/
多対一・台系,台石,臺石,臺石,一字変換で吸収,旧字由来語の件数が多く、本来字側の例外が少ないため、熟語列挙より一字変換＋例外保持の方が簡潔。,,https://kanji.jitenon.jp/ / https://kokugo.jitenon.jp/ / https://kakijun.com/
多対一・台系,台木,臺木,臺木,一字変換で吸収,旧字由来語の件数が多く、本来字側の例外が少ないため、熟語列挙より一字変換＋例外保持の方が簡潔。,,https://kanji.jitenon.jp/ / https://kokugo.jitenon.jp/ / https://kakijun.com/
多対一・台系,台鉋,臺鉋,臺鉋,一字変換で吸収,旧字由来語の件数が多く、本来字側の例外が少ないため、熟語列挙より一字変換＋例外保持の方が簡潔。,,https://kanji.jitenon.jp/ / https://kokugo.jitenon.jp/ / https://kakijun.com/
多対一・台系,台無し,臺無し,臺無し,一字変換で吸収,旧字由来語の件数が多く、本来字側の例外が少ないため、熟語列挙より一字変換＋例外保持の方が簡潔。,,https://kanji.jitenon.jp/ / https://kokugo.jitenon.jp/ / https://kakijun.com/
多対一・台系,台数,臺數,臺數,一字変換で吸収,旧字由来語の件数が多く、本来字側の例外が少ないため、熟語列挙より一字変換＋例外保持の方が簡潔。,,https://kanji.jitenon.jp/ / https://kokugo.jitenon.jp/ / https://kakijun.com/
多対一・台系,台秤,臺秤,臺秤,一字変換で吸収,旧字由来語の件数が多く、本来字側の例外が少ないため、熟語列挙より一字変換＋例外保持の方が簡潔。,,https://kanji.jitenon.jp/ / https://kokugo.jitenon.jp/ / https://kakijun.com/
多対一・台系,台網,臺網,臺網,一字変換で吸収,旧字由来語の件数が多く、本来字側の例外が少ないため、熟語列挙より一字変換＋例外保持の方が簡潔。,,https://kanji.jitenon.jp/ / https://kokugo.jitenon.jp/ / https://kakijun.com/
多対一・台系,台場,臺場,臺場,一字変換で吸収,旧字由来語の件数が多く、本来字側の例外が少ないため、熟語列挙より一字変換＋例外保持の方が簡潔。,,https://kanji.jitenon.jp/ / https://kokugo.jitenon.jp/ / https://kakijun.com/
多対一・台系,台尻,臺尻,臺尻,一字変換で吸収,旧字由来語の件数が多く、本来字側の例外が少ないため、熟語列挙より一字変換＋例外保持の方が簡潔。,,https://kanji.jitenon.jp/ / https://kokugo.jitenon.jp/ / https://kakijun.com/
多対一・台系,台輪,臺輪,臺輪,一字変換で吸収,旧字由来語の件数が多く、本来字側の例外が少ないため、熟語列挙より一字変換＋例外保持の方が簡潔。,,https://kanji.jitenon.jp/ / https://kokugo.jitenon.jp/ / https://kakijun.com/
多対一・台系,一台,一臺,一臺,一字変換で吸収,旧字由来語の件数が多く、本来字側の例外が少ないため、熟語列挙より一字変換＋例外保持の方が簡潔。,,https://kanji.jitenon.jp/ / https://kokugo.jitenon.jp/ / https://kakijun.com/
多対一・台系,数台,數臺,數臺,一字変換で吸収,旧字由来語の件数が多く、本来字側の例外が少ないため、熟語列挙より一字変換＋例外保持の方が簡潔。,,https://kanji.jitenon.jp/ / https://kokugo.jitenon.jp/ / https://kakijun.com/
多対一・台系,車一台,車一臺,車一臺,一字変換で吸収,旧字由来語の件数が多く、本来字側の例外が少ないため、熟語列挙より一字変換＋例外保持の方が簡潔。,,https://kanji.jitenon.jp/ / https://kokugo.jitenon.jp/ / https://kakijun.com/
多対一・台系,台湾,臺灣,臺灣,一字変換で吸収,旧字由来語の件数が多く、本来字側の例外が少ないため、熟語列挙より一字変換＋例外保持の方が簡潔。,,https://kanji.jitenon.jp/ / https://kokugo.jitenon.jp/ / https://kakijun.com/
多対一・台系,台北,臺北,臺北,一字変換で吸収,旧字由来語の件数が多く、本来字側の例外が少ないため、熟語列挙より一字変換＋例外保持の方が簡潔。,,https://kanji.jitenon.jp/ / https://kokugo.jitenon.jp/ / https://kakijun.com/
多対一・台系,台中,臺中,臺中,一字変換で吸収,旧字由来語の件数が多く、本来字側の例外が少ないため、熟語列挙より一字変換＋例外保持の方が簡潔。,,https://kanji.jitenon.jp/ / https://kokugo.jitenon.jp/ / https://kakijun.com/
多対一・台系,台南,臺南,臺南,一字変換で吸収,旧字由来語の件数が多く、本来字側の例外が少ないため、熟語列挙より一字変換＋例外保持の方が簡潔。,,https://kanji.jitenon.jp/ / https://kokugo.jitenon.jp/ / https://kakijun.com/
多対一・台系,台東,臺東,臺東,一字変換で吸収,旧字由来語の件数が多く、本来字側の例外が少ないため、熟語列挙より一字変換＋例外保持の方が簡潔。,,https://kanji.jitenon.jp/ / https://kokugo.jitenon.jp/ / https://kakijun.com/
多対一・台系,台風,颱風,颱風,一字変換の例外・上書き,台→臺を基本にしつつ、颱風系・擡頭系だけ語単位で上書きする。,,https://kanji.jitenon.jp/ / https://kokugo.jitenon.jp/ / https://kakijun.com/
多対一・芸系,芸術,藝術,藝術,一字変換で吸収,旧字由来語の件数が多く、本来字側の例外が少ないため、熟語列挙より一字変換＋例外保持の方が簡潔。,,https://kanji.jitenon.jp/ / https://kokugo.jitenon.jp/ / https://kakijun.com/
多対一・芸系,芸能,藝能,藝能,一字変換で吸収,旧字由来語の件数が多く、本来字側の例外が少ないため、熟語列挙より一字変換＋例外保持の方が簡潔。,,https://kanji.jitenon.jp/ / https://kokugo.jitenon.jp/ / https://kakijun.com/
多対一・芸系,園芸,園藝,園藝,一字変換で吸収,旧字由来語の件数が多く、本来字側の例外が少ないため、熟語列挙より一字変換＋例外保持の方が簡潔。,,https://kanji.jitenon.jp/ / https://kokugo.jitenon.jp/ / https://kakijun.com/
多対一・芸系,工芸,工藝,工藝,一字変換で吸収,旧字由来語の件数が多く、本来字側の例外が少ないため、熟語列挙より一字変換＋例外保持の方が簡潔。,,https://kanji.jitenon.jp/ / https://kokugo.jitenon.jp/ / https://kakijun.com/
多対一・芸系,文芸,文藝,文藝,一字変換で吸収,旧字由来語の件数が多く、本来字側の例外が少ないため、熟語列挙より一字変換＋例外保持の方が簡潔。,,https://kanji.jitenon.jp/ / https://kokugo.jitenon.jp/ / https://kakijun.com/
多対一・芸系,芸人,藝人,藝人,一字変換で吸収,旧字由来語の件数が多く、本来字側の例外が少ないため、熟語列挙より一字変換＋例外保持の方が簡潔。,,https://kanji.jitenon.jp/ / https://kokugo.jitenon.jp/ / https://kakijun.com/
多対一・芸系,芸名,藝名,藝名,一字変換で吸収,旧字由来語の件数が多く、本来字側の例外が少ないため、熟語列挙より一字変換＋例外保持の方が簡潔。,,https://kanji.jitenon.jp/ / https://kokugo.jitenon.jp/ / https://kakijun.com/
多対一・芸系,芸大,藝大,藝大,一字変換で吸収,旧字由来語の件数が多く、本来字側の例外が少ないため、熟語列挙より一字変換＋例外保持の方が簡潔。,,https://kanji.jitenon.jp/ / https://kokugo.jitenon.jp/ / https://kakijun.com/
多対一・芸系,芸者,藝者,藝者,一字変換で吸収,旧字由来語の件数が多く、本来字側の例外が少ないため、熟語列挙より一字変換＋例外保持の方が簡潔。,,https://kanji.jitenon.jp/ / https://kokugo.jitenon.jp/ / https://kakijun.com/
多対一・芸系,芸風,藝風,藝風,一字変換で吸収,旧字由来語の件数が多く、本来字側の例外が少ないため、熟語列挙より一字変換＋例外保持の方が簡潔。,,https://kanji.jitenon.jp/ / https://kokugo.jitenon.jp/ / https://kakijun.com/
多対一・芸系,芸道,藝道,藝道,一字変換で吸収,旧字由来語の件数が多く、本来字側の例外が少ないため、熟語列挙より一字変換＋例外保持の方が簡潔。,,https://kanji.jitenon.jp/ / https://kokugo.jitenon.jp/ / https://kakijun.com/
多対一・芸系,芸事,藝事,藝事,一字変換で吸収,旧字由来語の件数が多く、本来字側の例外が少ないため、熟語列挙より一字変換＋例外保持の方が簡潔。,,https://kanji.jitenon.jp/ / https://kokugo.jitenon.jp/ / https://kakijun.com/
多対一・芸系,手芸,手藝,手藝,一字変換で吸収,旧字由来語の件数が多く、本来字側の例外が少ないため、熟語列挙より一字変換＋例外保持の方が簡潔。,,https://kanji.jitenon.jp/ / https://kokugo.jitenon.jp/ / https://kakijun.com/
多対一・芸系,武芸,武藝,武藝,一字変換で吸収,旧字由来語の件数が多く、本来字側の例外が少ないため、熟語列挙より一字変換＋例外保持の方が簡潔。,,https://kanji.jitenon.jp/ / https://kokugo.jitenon.jp/ / https://kakijun.com/
多対一・芸系,演芸,演藝,演藝,一字変換で吸収,旧字由来語の件数が多く、本来字側の例外が少ないため、熟語列挙より一字変換＋例外保持の方が簡潔。,,https://kanji.jitenon.jp/ / https://kokugo.jitenon.jp/ / https://kakijun.com/
多対一・芸系,民芸,民藝,民藝,一字変換で吸収,旧字由来語の件数が多く、本来字側の例外が少ないため、熟語列挙より一字変換＋例外保持の方が簡潔。,,https://kanji.jitenon.jp/ / https://kokugo.jitenon.jp/ / https://kakijun.com/
多対一・芸系,陶芸,陶藝,陶藝,一字変換で吸収,旧字由来語の件数が多く、本来字側の例外が少ないため、熟語列挙より一字変換＋例外保持の方が簡潔。,,https://kanji.jitenon.jp/ / https://kokugo.jitenon.jp/ / https://kakijun.com/
多対一・芸系,学芸,學藝,學藝,一字変換で吸収,旧字由来語の件数が多く、本来字側の例外が少ないため、熟語列挙より一字変換＋例外保持の方が簡潔。,,https://kanji.jitenon.jp/ / https://kokugo.jitenon.jp/ / https://kakijun.com/
多対一・芸系,芸談,藝談,藝談,一字変換で吸収,旧字由来語の件数が多く、本来字側の例外が少ないため、熟語列挙より一字変換＋例外保持の方が簡潔。,,https://kanji.jitenon.jp/ / https://kokugo.jitenon.jp/ / https://kakijun.com/
多対一・芸系,芸域,藝域,藝域,一字変換で吸収,旧字由来語の件数が多く、本来字側の例外が少ないため、熟語列挙より一字変換＋例外保持の方が簡潔。,,https://kanji.jitenon.jp/ / https://kokugo.jitenon.jp/ / https://kakijun.com/
多対一・芸系,芸妓,藝妓,藝妓,一字変換で吸収,旧字由来語の件数が多く、本来字側の例外が少ないため、熟語列挙より一字変換＋例外保持の方が簡潔。,,https://kanji.jitenon.jp/ / https://kokugo.jitenon.jp/ / https://kakijun.com/
多対一・芸系,遊芸,遊藝,遊藝,一字変換で吸収,旧字由来語の件数が多く、本来字側の例外が少ないため、熟語列挙より一字変換＋例外保持の方が簡潔。,,https://kanji.jitenon.jp/ / https://kokugo.jitenon.jp/ / https://kakijun.com/
多対一・芸系,技芸,技藝,技藝,一字変換で吸収,旧字由来語の件数が多く、本来字側の例外が少ないため、熟語列挙より一字変換＋例外保持の方が簡潔。,,https://kanji.jitenon.jp/ / https://kokugo.jitenon.jp/ / https://kakijun.com/
多対一・芸系,諸芸,諸藝,諸藝,一字変換で吸収,旧字由来語の件数が多く、本来字側の例外が少ないため、熟語列挙より一字変換＋例外保持の方が簡潔。,,https://kanji.jitenon.jp/ / https://kokugo.jitenon.jp/ / https://kakijun.com/
多対一・芸系,多芸,多藝,多藝,一字変換で吸収,旧字由来語の件数が多く、本来字側の例外が少ないため、熟語列挙より一字変換＋例外保持の方が簡潔。,,https://kanji.jitenon.jp/ / https://kokugo.jitenon.jp/ / https://kakijun.com/
多対一・芸系,無芸,無藝,無藝,一字変換で吸収,旧字由来語の件数が多く、本来字側の例外が少ないため、熟語列挙より一字変換＋例外保持の方が簡潔。,,https://kanji.jitenon.jp/ / https://kokugo.jitenon.jp/ / https://kakijun.com/
多対一・芸系,曲芸,曲藝,曲藝,一字変換で吸収,旧字由来語の件数が多く、本来字側の例外が少ないため、熟語列挙より一字変換＋例外保持の方が簡潔。,,https://kanji.jitenon.jp/ / https://kokugo.jitenon.jp/ / https://kakijun.com/
多対一・芸系,茶芸,茶藝,茶藝,一字変換で吸収,旧字由来語の件数が多く、本来字側の例外が少ないため、熟語列挙より一字変換＋例外保持の方が簡潔。,,https://kanji.jitenon.jp/ / https://kokugo.jitenon.jp/ / https://kakijun.com/
多対一・芸系,農芸,農藝,農藝,一字変換で吸収,旧字由来語の件数が多く、本来字側の例外が少ないため、熟語列挙より一字変換＋例外保持の方が簡潔。,,https://kanji.jitenon.jp/ / https://kokugo.jitenon.jp/ / https://kakijun.com/
多対一・芸系,書芸,書藝,書藝,一字変換で吸収,旧字由来語の件数が多く、本来字側の例外が少ないため、熟語列挙より一字変換＋例外保持の方が簡潔。,,https://kanji.jitenon.jp/ / https://kokugo.jitenon.jp/ / https://kakijun.com/
多対一・芸系,美芸,美藝,美藝,一字変換で吸収,旧字由来語の件数が多く、本来字側の例外が少ないため、熟語列挙より一字変換＋例外保持の方が簡潔。,,https://kanji.jitenon.jp/ / https://kokugo.jitenon.jp/ / https://kakijun.com/
多対一・欠系,欠席,缺席,缺席,一字変換で吸収,旧字由来語の件数が多く、本来字側の例外が少ないため、熟語列挙より一字変換＋例外保持の方が簡潔。,,https://kanji.jitenon.jp/ / https://kokugo.jitenon.jp/ / https://kakijun.com/
多対一・欠系,欠勤,缺勤,缺勤,一字変換で吸収,旧字由来語の件数が多く、本来字側の例外が少ないため、熟語列挙より一字変換＋例外保持の方が簡潔。,,https://kanji.jitenon.jp/ / https://kokugo.jitenon.jp/ / https://kakijun.com/
多対一・欠系,欠航,缺航,缺航,一字変換で吸収,旧字由来語の件数が多く、本来字側の例外が少ないため、熟語列挙より一字変換＋例外保持の方が簡潔。,,https://kanji.jitenon.jp/ / https://kokugo.jitenon.jp/ / https://kakijun.com/
多対一・欠系,欠番,缺番,缺番,一字変換で吸収,旧字由来語の件数が多く、本来字側の例外が少ないため、熟語列挙より一字変換＋例外保持の方が簡潔。,,https://kanji.jitenon.jp/ / https://kokugo.jitenon.jp/ / https://kakijun.com/
多対一・欠系,欠員,缺員,缺員,一字変換で吸収,旧字由来語の件数が多く、本来字側の例外が少ないため、熟語列挙より一字変換＋例外保持の方が簡潔。,,https://kanji.jitenon.jp/ / https://kokugo.jitenon.jp/ / https://kakijun.com/
多対一・欠系,欠格,缺格,缺格,一字変換で吸収,旧字由来語の件数が多く、本来字側の例外が少ないため、熟語列挙より一字変換＋例外保持の方が簡潔。,,https://kanji.jitenon.jp/ / https://kokugo.jitenon.jp/ / https://kakijun.com/
多対一・欠系,欠陥,缺陷,缺陷,一字変換で吸収,旧字由来語の件数が多く、本来字側の例外が少ないため、熟語列挙より一字変換＋例外保持の方が簡潔。,,https://kanji.jitenon.jp/ / https://kokugo.jitenon.jp/ / https://kakijun.com/
多対一・欠系,欠点,缺點,缺點,一字変換で吸収,旧字由来語の件数が多く、本来字側の例外が少ないため、熟語列挙より一字変換＋例外保持の方が簡潔。,,https://kanji.jitenon.jp/ / https://kokugo.jitenon.jp/ / https://kakijun.com/
多対一・欠系,欠損,缺損,缺損,一字変換で吸収,旧字由来語の件数が多く、本来字側の例外が少ないため、熟語列挙より一字変換＋例外保持の方が簡潔。,,https://kanji.jitenon.jp/ / https://kokugo.jitenon.jp/ / https://kakijun.com/
多対一・欠系,欠如,缺如,缺如,一字変換で吸収,旧字由来語の件数が多く、本来字側の例外が少ないため、熟語列挙より一字変換＋例外保持の方が簡潔。,,https://kanji.jitenon.jp/ / https://kokugo.jitenon.jp/ / https://kakijun.com/
多対一・欠系,欠落,缺落,缺落,一字変換で吸収,旧字由来語の件数が多く、本来字側の例外が少ないため、熟語列挙より一字変換＋例外保持の方が簡潔。,,https://kanji.jitenon.jp/ / https://kokugo.jitenon.jp/ / https://kakijun.com/
多対一・欠系,欠乏,缺乏,缺乏,一字変換で吸収,旧字由来語の件数が多く、本来字側の例外が少ないため、熟語列挙より一字変換＋例外保持の方が簡潔。,,https://kanji.jitenon.jp/ / https://kokugo.jitenon.jp/ / https://kakijun.com/
多対一・欠系,欠字,缺字,缺字,一字変換で吸収,旧字由来語の件数が多く、本来字側の例外が少ないため、熟語列挙より一字変換＋例外保持の方が簡潔。,,https://kanji.jitenon.jp/ / https://kokugo.jitenon.jp/ / https://kakijun.com/
多対一・欠系,欠文,缺文,缺文,一字変換で吸収,旧字由来語の件数が多く、本来字側の例外が少ないため、熟語列挙より一字変換＋例外保持の方が簡潔。,,https://kanji.jitenon.jp/ / https://kokugo.jitenon.jp/ / https://kakijun.com/
多対一・欠系,欠配,缺配,缺配,一字変換で吸収,旧字由来語の件数が多く、本来字側の例外が少ないため、熟語列挙より一字変換＋例外保持の方が簡潔。,,https://kanji.jitenon.jp/ / https://kokugo.jitenon.jp/ / https://kakijun.com/
多対一・欠系,欠礼,缺禮,缺禮,一字変換で吸収,旧字由来語の件数が多く、本来字側の例外が少ないため、熟語列挙より一字変換＋例外保持の方が簡潔。,,https://kanji.jitenon.jp/ / https://kokugo.jitenon.jp/ / https://kakijun.com/
多対一・欠系,欠課,缺課,缺課,一字変換で吸収,旧字由来語の件数が多く、本来字側の例外が少ないため、熟語列挙より一字変換＋例外保持の方が簡潔。,,https://kanji.jitenon.jp/ / https://kokugo.jitenon.jp/ / https://kakijun.com/
多対一・欠系,欠場,缺場,缺場,一字変換で吸収,旧字由来語の件数が多く、本来字側の例外が少ないため、熟語列挙より一字変換＋例外保持の方が簡潔。,,https://kanji.jitenon.jp/ / https://kokugo.jitenon.jp/ / https://kakijun.com/
多対一・欠系,欠車,缺車,缺車,一字変換で吸収,旧字由来語の件数が多く、本来字側の例外が少ないため、熟語列挙より一字変換＋例外保持の方が簡潔。,,https://kanji.jitenon.jp/ / https://kokugo.jitenon.jp/ / https://kakijun.com/
多対一・欠系,欠本,缺本,缺本,一字変換で吸収,旧字由来語の件数が多く、本来字側の例外が少ないため、熟語列挙より一字変換＋例外保持の方が簡潔。,,https://kanji.jitenon.jp/ / https://kokugo.jitenon.jp/ / https://kakijun.com/
多対一・欠系,欠巻,缺卷,缺卷,一字変換で吸収,旧字由来語の件数が多く、本来字側の例外が少ないため、熟語列挙より一字変換＋例外保持の方が簡潔。,,https://kanji.jitenon.jp/ / https://kokugo.jitenon.jp/ / https://kakijun.com/
多対一・欠系,欠画,缺畫,缺畫,一字変換で吸収,旧字由来語の件数が多く、本来字側の例外が少ないため、熟語列挙より一字変換＋例外保持の方が簡潔。,,https://kanji.jitenon.jp/ / https://kokugo.jitenon.jp/ / https://kakijun.com/
多対一・欠系,欠刻,缺刻,缺刻,一字変換で吸収,旧字由来語の件数が多く、本来字側の例外が少ないため、熟語列挙より一字変換＋例外保持の方が簡潔。,,https://kanji.jitenon.jp/ / https://kokugo.jitenon.jp/ / https://kakijun.com/
多対一・欠系,欠食,缺食,缺食,一字変換で吸収,旧字由来語の件数が多く、本来字側の例外が少ないため、熟語列挙より一字変換＋例外保持の方が簡潔。,,https://kanji.jitenon.jp/ / https://kokugo.jitenon.jp/ / https://kakijun.com/
多対一・欠系,欠測,缺測,缺測,一字変換で吸収,旧字由来語の件数が多く、本来字側の例外が少ないため、熟語列挙より一字変換＋例外保持の方が簡潔。,,https://kanji.jitenon.jp/ / https://kokugo.jitenon.jp/ / https://kakijun.com/
多対一・欠系,欠損金,缺損金,缺損金,一字変換で吸収,旧字由来語の件数が多く、本来字側の例外が少ないため、熟語列挙より一字変換＋例外保持の方が簡潔。,,https://kanji.jitenon.jp/ / https://kokugo.jitenon.jp/ / https://kakijun.com/
多対一・欠系,補欠,補缺,補缺,一字変換で吸収,旧字由来語の件数が多く、本来字側の例外が少ないため、熟語列挙より一字変換＋例外保持の方が簡潔。,,https://kanji.jitenon.jp/ / https://kokugo.jitenon.jp/ / https://kakijun.com/
多対一・欠系,不可欠,不可缺,不可缺,一字変換で吸収,旧字由来語の件数が多く、本来字側の例外が少ないため、熟語列挙より一字変換＋例外保持の方が簡潔。,,https://kanji.jitenon.jp/ / https://kokugo.jitenon.jp/ / https://kakijun.com/
多対一・欠系,出欠,出缺,出缺,一字変換で吸収,旧字由来語の件数が多く、本来字側の例外が少ないため、熟語列挙より一字変換＋例外保持の方が簡潔。,,https://kanji.jitenon.jp/ / https://kokugo.jitenon.jp/ / https://kakijun.com/
多対一・欠系,病欠,病缺,病缺,一字変換で吸収,旧字由来語の件数が多く、本来字側の例外が少ないため、熟語列挙より一字変換＋例外保持の方が簡潔。,,https://kanji.jitenon.jp/ / https://kokugo.jitenon.jp/ / https://kakijun.com/
多対一・欠系,公欠,公缺,公缺,一字変換で吸収,旧字由来語の件数が多く、本来字側の例外が少ないため、熟語列挙より一字変換＋例外保持の方が簡潔。,,https://kanji.jitenon.jp/ / https://kokugo.jitenon.jp/ / https://kakijun.com/
多対一・欠系,全欠,全缺,全缺,一字変換で吸収,旧字由来語の件数が多く、本来字側の例外が少ないため、熟語列挙より一字変換＋例外保持の方が簡潔。,,https://kanji.jitenon.jp/ / https://kokugo.jitenon.jp/ / https://kakijun.com/
多対一・欠系,無欠,無缺,無缺,一字変換で吸収,旧字由来語の件数が多く、本来字側の例外が少ないため、熟語列挙より一字変換＋例外保持の方が簡潔。,,https://kanji.jitenon.jp/ / https://kokugo.jitenon.jp/ / https://kakijun.com/
多対一・虫系,虫歯,蟲歯,蟲歯,一字変換で吸収,旧字由来語の件数が多く、本来字側の例外が少ないため、熟語列挙より一字変換＋例外保持の方が簡潔。,,https://kanji.jitenon.jp/ / https://kokugo.jitenon.jp/ / https://kakijun.com/
多対一・虫系,害虫,害蟲,害蟲,一字変換で吸収,旧字由来語の件数が多く、本来字側の例外が少ないため、熟語列挙より一字変換＋例外保持の方が簡潔。,,https://kanji.jitenon.jp/ / https://kokugo.jitenon.jp/ / https://kakijun.com/
多対一・虫系,昆虫,昆蟲,昆蟲,一字変換で吸収,旧字由来語の件数が多く、本来字側の例外が少ないため、熟語列挙より一字変換＋例外保持の方が簡潔。,,https://kanji.jitenon.jp/ / https://kokugo.jitenon.jp/ / https://kakijun.com/
多対一・虫系,幼虫,幼蟲,幼蟲,一字変換で吸収,旧字由来語の件数が多く、本来字側の例外が少ないため、熟語列挙より一字変換＋例外保持の方が簡潔。,,https://kanji.jitenon.jp/ / https://kokugo.jitenon.jp/ / https://kakijun.com/
多対一・虫系,成虫,成蟲,成蟲,一字変換で吸収,旧字由来語の件数が多く、本来字側の例外が少ないため、熟語列挙より一字変換＋例外保持の方が簡潔。,,https://kanji.jitenon.jp/ / https://kokugo.jitenon.jp/ / https://kakijun.com/
多対一・虫系,防虫,防蟲,防蟲,一字変換で吸収,旧字由来語の件数が多く、本来字側の例外が少ないため、熟語列挙より一字変換＋例外保持の方が簡潔。,,https://kanji.jitenon.jp/ / https://kokugo.jitenon.jp/ / https://kakijun.com/
多対一・虫系,殺虫,殺蟲,殺蟲,一字変換で吸収,旧字由来語の件数が多く、本来字側の例外が少ないため、熟語列挙より一字変換＋例外保持の方が簡潔。,,https://kanji.jitenon.jp/ / https://kokugo.jitenon.jp/ / https://kakijun.com/
多対一・虫系,寄生虫,寄生蟲,寄生蟲,一字変換で吸収,旧字由来語の件数が多く、本来字側の例外が少ないため、熟語列挙より一字変換＋例外保持の方が簡潔。,,https://kanji.jitenon.jp/ / https://kokugo.jitenon.jp/ / https://kakijun.com/
多対一・虫系,回虫,蛔蟲,蛔蟲,一字変換で吸収,旧字由来語の件数が多く、本来字側の例外が少ないため、熟語列挙より一字変換＋例外保持の方が簡潔。,,https://kanji.jitenon.jp/ / https://kokugo.jitenon.jp/ / https://kakijun.com/
多対一・虫系,毛虫,毛蟲,毛蟲,一字変換で吸収,旧字由来語の件数が多く、本来字側の例外が少ないため、熟語列挙より一字変換＋例外保持の方が簡潔。,,https://kanji.jitenon.jp/ / https://kokugo.jitenon.jp/ / https://kakijun.com/
多対一・虫系,弱虫,弱蟲,弱蟲,一字変換で吸収,旧字由来語の件数が多く、本来字側の例外が少ないため、熟語列挙より一字変換＋例外保持の方が簡潔。,,https://kanji.jitenon.jp/ / https://kokugo.jitenon.jp/ / https://kakijun.com/
多対一・虫系,虫眼鏡,蟲眼鏡,蟲眼鏡,一字変換で吸収,旧字由来語の件数が多く、本来字側の例外が少ないため、熟語列挙より一字変換＋例外保持の方が簡潔。,,https://kanji.jitenon.jp/ / https://kokugo.jitenon.jp/ / https://kakijun.com/
多対一・虫系,虫酸,蟲酸,蟲酸,一字変換で吸収,旧字由来語の件数が多く、本来字側の例外が少ないため、熟語列挙より一字変換＋例外保持の方が簡潔。,,https://kanji.jitenon.jp/ / https://kokugo.jitenon.jp/ / https://kakijun.com/
多対一・虫系,虫食い,蟲食い,蟲食い,一字変換で吸収,旧字由来語の件数が多く、本来字側の例外が少ないため、熟語列挙より一字変換＋例外保持の方が簡潔。,,https://kanji.jitenon.jp/ / https://kokugo.jitenon.jp/ / https://kakijun.com/
多対一・虫系,虫干し,蟲干し,蟲干し,一字変換で吸収,旧字由来語の件数が多く、本来字側の例外が少ないため、熟語列挙より一字変換＋例外保持の方が簡潔。,,https://kanji.jitenon.jp/ / https://kokugo.jitenon.jp/ / https://kakijun.com/
多対一・虫系,虫籠,蟲籠,蟲籠,一字変換で吸収,旧字由来語の件数が多く、本来字側の例外が少ないため、熟語列挙より一字変換＋例外保持の方が簡潔。,,https://kanji.jitenon.jp/ / https://kokugo.jitenon.jp/ / https://kakijun.com/
多対一・虫系,虫除け,蟲除け,蟲除け,一字変換で吸収,旧字由来語の件数が多く、本来字側の例外が少ないため、熟語列挙より一字変換＋例外保持の方が簡潔。,,https://kanji.jitenon.jp/ / https://kokugo.jitenon.jp/ / https://kakijun.com/
多対一・虫系,虫刺され,蟲刺され,蟲刺され,一字変換で吸収,旧字由来語の件数が多く、本来字側の例外が少ないため、熟語列挙より一字変換＋例外保持の方が簡潔。,,https://kanji.jitenon.jp/ / https://kokugo.jitenon.jp/ / https://kakijun.com/
多対一・虫系,虫取り,蟲取り,蟲取り,一字変換で吸収,旧字由来語の件数が多く、本来字側の例外が少ないため、熟語列挙より一字変換＋例外保持の方が簡潔。,,https://kanji.jitenon.jp/ / https://kokugo.jitenon.jp/ / https://kakijun.com/
多対一・虫系,虫捕り,蟲捕り,蟲捕り,一字変換で吸収,旧字由来語の件数が多く、本来字側の例外が少ないため、熟語列挙より一字変換＋例外保持の方が簡潔。,,https://kanji.jitenon.jp/ / https://kokugo.jitenon.jp/ / https://kakijun.com/
多対一・虫系,虫垂,蟲垂,蟲垂,一字変換で吸収,旧字由来語の件数が多く、本来字側の例外が少ないため、熟語列挙より一字変換＋例外保持の方が簡潔。,,https://kanji.jitenon.jp/ / https://kokugo.jitenon.jp/ / https://kakijun.com/
多対一・虫系,虫類,蟲類,蟲類,一字変換で吸収,旧字由来語の件数が多く、本来字側の例外が少ないため、熟語列挙より一字変換＋例外保持の方が簡潔。,,https://kanji.jitenon.jp/ / https://kokugo.jitenon.jp/ / https://kakijun.com/
多対一・虫系,毒虫,毒蟲,毒蟲,一字変換で吸収,旧字由来語の件数が多く、本来字側の例外が少ないため、熟語列挙より一字変換＋例外保持の方が簡潔。,,https://kanji.jitenon.jp/ / https://kokugo.jitenon.jp/ / https://kakijun.com/
多対一・虫系,益虫,益蟲,益蟲,一字変換で吸収,旧字由来語の件数が多く、本来字側の例外が少ないため、熟語列挙より一字変換＋例外保持の方が簡潔。,,https://kanji.jitenon.jp/ / https://kokugo.jitenon.jp/ / https://kakijun.com/
多対一・虫系,水虫,水蟲,水蟲,一字変換で吸収,旧字由来語の件数が多く、本来字側の例外が少ないため、熟語列挙より一字変換＋例外保持の方が簡潔。,,https://kanji.jitenon.jp/ / https://kokugo.jitenon.jp/ / https://kakijun.com/
多対一・虫系,腹の虫,腹の蟲,腹の蟲,一字変換で吸収,旧字由来語の件数が多く、本来字側の例外が少ないため、熟語列挙より一字変換＋例外保持の方が簡潔。,,https://kanji.jitenon.jp/ / https://kokugo.jitenon.jp/ / https://kakijun.com/
多対一・虫系,泣き虫,泣き蟲,泣き蟲,一字変換で吸収,旧字由来語の件数が多く、本来字側の例外が少ないため、熟語列挙より一字変換＋例外保持の方が簡潔。,,https://kanji.jitenon.jp/ / https://kokugo.jitenon.jp/ / https://kakijun.com/
多対一・虫系,本の虫,本の蟲,本の蟲,一字変換で吸収,旧字由来語の件数が多く、本来字側の例外が少ないため、熟語列挙より一字変換＋例外保持の方が簡潔。,,https://kanji.jitenon.jp/ / https://kokugo.jitenon.jp/ / https://kakijun.com/
多対一・缶系,缶詰,罐詰,罐詰,一字変換で吸収,旧字由来語の件数が多く、本来字側の例外が少ないため、熟語列挙より一字変換＋例外保持の方が簡潔。,,https://kanji.jitenon.jp/ / https://kokugo.jitenon.jp/ / https://kakijun.com/
多対一・缶系,缶詰め,罐詰め,罐詰め,一字変換で吸収,旧字由来語の件数が多く、本来字側の例外が少ないため、熟語列挙より一字変換＋例外保持の方が簡潔。,,https://kanji.jitenon.jp/ / https://kokugo.jitenon.jp/ / https://kakijun.com/
多対一・缶系,空缶,空罐,空罐,一字変換で吸収,旧字由来語の件数が多く、本来字側の例外が少ないため、熟語列挙より一字変換＋例外保持の方が簡潔。,,https://kanji.jitenon.jp/ / https://kokugo.jitenon.jp/ / https://kakijun.com/
多対一・缶系,缶切り,罐切り,罐切り,一字変換で吸収,旧字由来語の件数が多く、本来字側の例外が少ないため、熟語列挙より一字変換＋例外保持の方が簡潔。,,https://kanji.jitenon.jp/ / https://kokugo.jitenon.jp/ / https://kakijun.com/
多対一・缶系,缶入り,罐入り,罐入り,一字変換で吸収,旧字由来語の件数が多く、本来字側の例外が少ないため、熟語列挙より一字変換＋例外保持の方が簡潔。,,https://kanji.jitenon.jp/ / https://kokugo.jitenon.jp/ / https://kakijun.com/
多対一・缶系,缶ビール,罐ビール,罐ビール,一字変換で吸収,旧字由来語の件数が多く、本来字側の例外が少ないため、熟語列挙より一字変換＋例外保持の方が簡潔。,,https://kanji.jitenon.jp/ / https://kokugo.jitenon.jp/ / https://kakijun.com/
多対一・缶系,製缶,製罐,製罐,一字変換で吸収,旧字由来語の件数が多く、本来字側の例外が少ないため、熟語列挙より一字変換＋例外保持の方が簡潔。,,https://kanji.jitenon.jp/ / https://kokugo.jitenon.jp/ / https://kakijun.com/
多対一・缶系,缶コーヒー,罐コーヒー,罐コーヒー,一字変換で吸収,旧字由来語の件数が多く、本来字側の例外が少ないため、熟語列挙より一字変換＋例外保持の方が簡潔。,,https://kanji.jitenon.jp/ / https://kokugo.jitenon.jp/ / https://kakijun.com/
多対一・缶系,缶ジュース,罐ジュース,罐ジュース,一字変換で吸収,旧字由来語の件数が多く、本来字側の例外が少ないため、熟語列挙より一字変換＋例外保持の方が簡潔。,,https://kanji.jitenon.jp/ / https://kokugo.jitenon.jp/ / https://kakijun.com/
多対一・缶系,ドラム缶,ドラム罐,ドラム罐,一字変換で吸収,旧字由来語の件数が多く、本来字側の例外が少ないため、熟語列挙より一字変換＋例外保持の方が簡潔。,,https://kanji.jitenon.jp/ / https://kokugo.jitenon.jp/ / https://kakijun.com/
多対一・缶系,一斗缶,一斗罐,一斗罐,一字変換で吸収,旧字由来語の件数が多く、本来字側の例外が少ないため、熟語列挙より一字変換＋例外保持の方が簡潔。,,https://kanji.jitenon.jp/ / https://kokugo.jitenon.jp/ / https://kakijun.com/
多対一・缶系,石油缶,石油罐,石油罐,一字変換で吸収,旧字由来語の件数が多く、本来字側の例外が少ないため、熟語列挙より一字変換＋例外保持の方が簡潔。,,https://kanji.jitenon.jp/ / https://kokugo.jitenon.jp/ / https://kakijun.com/
多対一・缶系,缶胴,罐胴,罐胴,一字変換で吸収,旧字由来語の件数が多く、本来字側の例外が少ないため、熟語列挙より一字変換＋例外保持の方が簡潔。,,https://kanji.jitenon.jp/ / https://kokugo.jitenon.jp/ / https://kakijun.com/
多対一・缶系,缶底,罐底,罐底,一字変換で吸収,旧字由来語の件数が多く、本来字側の例外が少ないため、熟語列挙より一字変換＋例外保持の方が簡潔。,,https://kanji.jitenon.jp/ / https://kokugo.jitenon.jp/ / https://kakijun.com/
多対一・缶系,缶蓋,罐蓋,罐蓋,一字変換で吸収,旧字由来語の件数が多く、本来字側の例外が少ないため、熟語列挙より一字変換＋例外保持の方が簡潔。,,https://kanji.jitenon.jp/ / https://kokugo.jitenon.jp/ / https://kakijun.com/
多対一・缶系,缶蹴り,罐蹴り,罐蹴り,一字変換で吸収,旧字由来語の件数が多く、本来字側の例外が少ないため、熟語列挙より一字変換＋例外保持の方が簡潔。,,https://kanji.jitenon.jp/ / https://kokugo.jitenon.jp/ / https://kakijun.com/
多対一・缶系,缶飲料,罐飲料,罐飲料,一字変換で吸収,旧字由来語の件数が多く、本来字側の例外が少ないため、熟語列挙より一字変換＋例外保持の方が簡潔。,,https://kanji.jitenon.jp/ / https://kokugo.jitenon.jp/ / https://kakijun.com/
多対一・缶系,缶食品,罐食品,罐食品,一字変換で吸収,旧字由来語の件数が多く、本来字側の例外が少ないため、熟語列挙より一字変換＋例外保持の方が簡潔。,,https://kanji.jitenon.jp/ / https://kokugo.jitenon.jp/ / https://kakijun.com/
多対一・缶系,缶入り飲料,罐入り飲料,罐入り飲料,一字変換で吸収,旧字由来語の件数が多く、本来字側の例外が少ないため、熟語列挙より一字変換＋例外保持の方が簡潔。,,https://kanji.jitenon.jp/ / https://kokugo.jitenon.jp/ / https://kakijun.com/
非旧字体・注註系,注釈,註釋,註釋,熟語マッピング維持,多目標分岐が大きく、一字変換では復元先を確定できない。,,https://kanji.jitenon.jp/ / https://kokugo.jitenon.jp/ / https://kakijun.com/
非旧字体・注註系,原注,原註,原註,熟語マッピング維持,多目標分岐が大きく、一字変換では復元先を確定できない。,,https://kanji.jitenon.jp/ / https://kokugo.jitenon.jp/ / https://kakijun.com/
非旧字体・注註系,訳注,譯註,譯註,熟語マッピング維持,多目標分岐が大きく、一字変換では復元先を確定できない。,,https://kanji.jitenon.jp/ / https://kokugo.jitenon.jp/ / https://kakijun.com/
非旧字体・注註系,自注,自註,自註,熟語マッピング維持,多目標分岐が大きく、一字変換では復元先を確定できない。,,https://kanji.jitenon.jp/ / https://kokugo.jitenon.jp/ / https://kakijun.com/
非旧字体・注註系,注本,註本,註本,熟語マッピング維持,多目標分岐が大きく、一字変換では復元先を確定できない。,,https://kanji.jitenon.jp/ / https://kokugo.jitenon.jp/ / https://kakijun.com/
非旧字体・注註系,注釈書,註釋書,註釋書,熟語マッピング維持,多目標分岐が大きく、一字変換では復元先を確定できない。,,https://kanji.jitenon.jp/ / https://kokugo.jitenon.jp/ / https://kakijun.com/
