対象字,本来字・例外語,主復元字,区分,理由,推奨処理,出典メモ
弁,弁・弁官・左弁・右弁・大弁・中弁・少弁・武弁,辯/辨/瓣とは別管理,本来字/歴史官職,弁は三系統への分岐が大きく、例外方式ではなく熟語マッピング維持。,熟語マッピング維持,常用漢字表; 漢和辞典確認対象
予,予（われ）・予は・予が・予も・予に・予を・予の・予輩,豫,本来字/一人称,豫由来語が多いため予→豫は可能。ただし漢文調の一人称だけ保持。,一字変換＋助詞付き例外,常用漢字表
余,余（われ）・余は・余が・余も・余に・余を・余の・余輩・余所・余所見・余所行き,餘,本来字/一人称・和語的表記,餘由来語が多いため余→餘は可能。ただし一人称・余所系は保持候補。,一字変換＋語例外,常用漢字表
台,台風・台風圏・台風一過・台頭,臺,別字/語義分岐,台→臺を基本にし、颱風系は颱、台頭は擡へ上書き候補。,一字変換＋上書き熟語,常用漢字表; 辞書確認対象
芸,芸香・芸香科・芸香属・芸亭・芸草,藝,本来字/植物・古典語,藝術系は圧倒的に藝でよいが、芸香系は藝へ戻さない。,一字変換＋語例外,芸香系辞書
欠,欠伸・欠伸する・欠伸をする・欠部・欠字旁・欠片（要確認）,缺,本来字/あくび・部首,缺由来語が多いため欠→缺が楽。ただし欠伸・部首説明は保持。欠片は辞書確認後に判定。,一字変換＋語例外,常用漢字表; 欠部
虫,虫部・虫偏・虫字旁・虫（虺の本字）,蟲,本来字/部首・字形説明,一般語はほぼ蟲でよい。漢字解説文だけ虫を保持。,一字変換＋メタ語例外,常用漢字表; 虫部
缶,缶部・缶（古器/楽器/量名）,罐,本来字/部首・古器,容器語はほぼ罐でよい。漢字解説文や古器説明だけ缶を保持。,一字変換＋メタ語例外,常用漢字表; 缶部
注,注ぐ・注入・注意・発注・注文・注目・注射・注水,註,別字/注ぐ・注意系,註は注釈系のみ。注を一字で註に戻すのは不可。,熟語マッピング維持,常用漢字表; 辞書確認対象
