旧字,書換字,旧字含有語,書換後候補,出典種別,復元優先度,出典URL,備考
闇,暗,亮闇,亮暗,オンライン辞書確認,B:辞書確認・文脈判定候補,https://kakijun.com/kanji/kotoba/95c7.html,闇は現代でも常用漢字。暗→闇の全置換は不可。暗夜→闇夜等に限定。
闇,暗,夕闇,夕暗,オンライン辞書確認,B:辞書確認・文脈判定候補,https://kakijun.com/kanji/kotoba/95c7.html,闇は現代でも常用漢字。暗→闇の全置換は不可。暗夜→闇夜等に限定。
闇,暗,宵闇,宵暗,オンライン辞書確認,B:辞書確認・文脈判定候補,https://kakijun.com/kanji/kotoba/95c7.html,闇は現代でも常用漢字。暗→闇の全置換は不可。暗夜→闇夜等に限定。
闇,暗,常闇,常暗,オンライン辞書確認,B:辞書確認・文脈判定候補,https://kakijun.com/kanji/kotoba/95c7.html,闇は現代でも常用漢字。暗→闇の全置換は不可。暗夜→闇夜等に限定。
闇,暗,暁闇,暁暗,オンライン辞書確認,B:辞書確認・文脈判定候補,https://kakijun.com/kanji/kotoba/95c7.html,闇は現代でも常用漢字。暗→闇の全置換は不可。暗夜→闇夜等に限定。
闇,暗,暗闇,暗暗,オンライン辞書確認,B:辞書確認・文脈判定候補,https://kakijun.com/kanji/kotoba/95c7.html,闇は現代でも常用漢字。暗→闇の全置換は不可。暗夜→闇夜等に限定。
闇,暗,無闇,無暗,オンライン辞書確認,B:辞書確認・文脈判定候補,https://kakijun.com/kanji/kotoba/95c7.html,闇は現代でも常用漢字。暗→闇の全置換は不可。暗夜→闇夜等に限定。
闇,暗,諒闇,諒暗,オンライン辞書確認,B:辞書確認・文脈判定候補,https://kakijun.com/kanji/kotoba/95c7.html,闇は現代でも常用漢字。暗→闇の全置換は不可。暗夜→闇夜等に限定。
闇,暗,闇値,暗値,オンライン辞書確認,B:辞書確認・文脈判定候補,https://kakijun.com/kanji/kotoba/95c7.html,闇は現代でも常用漢字。暗→闇の全置換は不可。暗夜→闇夜等に限定。
闇,暗,闇夜,暗夜,PDF既出,A:PDF明示・自動復元候補,https://kakijun.com/kanji/kotoba/95c7.html,闇は現代でも常用漢字。暗→闇の全置換は不可。暗夜→闇夜等に限定。
闇,暗,闇然,暗然,オンライン辞書確認,B:辞書確認・文脈判定候補,https://kakijun.com/kanji/kotoba/95c7.html,闇は現代でも常用漢字。暗→闇の全置換は不可。暗夜→闇夜等に限定。
闇,暗,闇路,暗路,オンライン辞書確認,B:辞書確認・文脈判定候補,https://kakijun.com/kanji/kotoba/95c7.html,闇は現代でも常用漢字。暗→闇の全置換は不可。暗夜→闇夜等に限定。
闇,暗,闇雲,暗雲,オンライン辞書確認,B:辞書確認・文脈判定候補,https://kakijun.com/kanji/kotoba/95c7.html,闇は現代でも常用漢字。暗→闇の全置換は不可。暗夜→闇夜等に限定。
闇,暗,五月闇,五月暗,オンライン辞書確認,B:辞書確認・文脈判定候補,https://kakijun.com/kanji/kotoba/95c7.html,闇は現代でも常用漢字。暗→闇の全置換は不可。暗夜→闇夜等に限定。
焔,炎,火焔,火炎,PDF既出,A:PDF明示・自動復元候補,https://www.kanjipedia.jp/kanji/0006820400 / https://yoji-jukugo.com/tag/%E7%84%94/,
焔,炎,気焔,気炎,PDF既出,A:PDF明示・自動復元候補,https://www.kanjipedia.jp/kanji/0006820400 / https://yoji-jukugo.com/tag/%E7%84%94/,
焔,炎,光焔万丈,光炎万丈,オンライン辞書確認,B:辞書確認・自動候補,https://www.kanjipedia.jp/kanji/0006820400 / https://yoji-jukugo.com/tag/%E7%84%94/,
焔,炎,煙焔天に漲る,煙炎天に漲る,オンライン辞書確認,B:辞書確認・自動候補,https://www.kanjipedia.jp/kanji/0006820400 / https://yoji-jukugo.com/tag/%E7%84%94/,
誡,戒,十誡,十戒,オンライン辞書確認,B:辞書確認・自動候補,https://kakijun.com/kanji/kotoba/8aa1.html,
誡,戒,訓誡,訓戒,PDF既出,A:PDF明示・自動復元候補,https://kakijun.com/kanji/kotoba/8aa1.html,
誡,戒,誡告,戒告,PDF既出,A:PDF明示・自動復元候補,https://kakijun.com/kanji/kotoba/8aa1.html,
廻,回,廻向,回向,オンライン辞書確認,B:辞書確認・自動候補,https://kakijun.com/kanji/kotoba/5efb.html,
廻,回,廻天,回天,オンライン辞書確認,B:辞書確認・自動候補,https://kakijun.com/kanji/kotoba/5efb.html,
廻,回,廻廊,回廊,PDF既出,A:PDF明示・自動復元候補,https://kakijun.com/kanji/kotoba/5efb.html,
廻,回,廻旋,回旋,オンライン辞書確認,B:辞書確認・自動候補,https://kakijun.com/kanji/kotoba/5efb.html,
廻,回,廻覧,回覧,オンライン辞書確認,B:辞書確認・自動候補,https://kakijun.com/kanji/kotoba/5efb.html,
廻,回,廻転,回転,PDF既出,A:PDF明示・自動復元候補,https://kakijun.com/kanji/kotoba/5efb.html,
廻,回,廻送,回送,PDF既出,A:PDF明示・自動復元候補,https://kakijun.com/kanji/kotoba/5efb.html,
廻,回,廻風,回風,オンライン辞書確認,B:辞書確認・自動候補,https://kakijun.com/kanji/kotoba/5efb.html,
廻,回,輪廻,輪回,オンライン辞書確認,B:辞書確認・自動候補,https://kakijun.com/kanji/kotoba/5efb.html,
劃,画,劃一,画一,オンライン辞書確認,B:辞書確認・自動候補,https://kakijun.com/kanji/kotoba/5283.html,
劃,画,劃然,画然,PDF既出,A:PDF明示・自動復元候補,https://kakijun.com/kanji/kotoba/5283.html,
劃,画,劃定,画定,オンライン辞書確認,B:辞書確認・自動候補,https://kakijun.com/kanji/kotoba/5283.html,
劃,画,企劃,企画,PDF既出,A:PDF明示・自動復元候補,https://kakijun.com/kanji/kotoba/5283.html,
劃,画,区劃,区画,PDF既出,A:PDF明示・自動復元候補,https://kakijun.com/kanji/kotoba/5283.html,
劃,画,劃一的,画一的,オンライン辞書確認,B:辞書確認・自動候補,https://kakijun.com/kanji/kotoba/5283.html,
劃,画,劃期的,画期的,PDF既出,A:PDF明示・自動復元候補,https://kakijun.com/kanji/kotoba/5283.html,
廓,郭,廓清,郭清,オンライン辞書確認,B:辞書確認・自動候補,https://kakijun.com/kanji/kotoba/5ed3.html,
廓,郭,廓然,郭然,オンライン辞書確認,B:辞書確認・自動候補,https://kakijun.com/kanji/kotoba/5ed3.html,
廓,郭,廓大,郭大,PDF既出,A:PDF明示・自動復元候補,https://kakijun.com/kanji/kotoba/5ed3.html,
廓,郭,廓寥,郭寥,オンライン辞書確認,B:辞書確認・自動候補,https://kakijun.com/kanji/kotoba/5ed3.html,
廓,郭,外廓,外郭,PDF既出,A:PDF明示・自動復元候補,https://kakijun.com/kanji/kotoba/5ed3.html,
廓,郭,輪廓,輪郭,PDF既出,A:PDF明示・自動復元候補,https://kakijun.com/kanji/kotoba/5ed3.html,
畸,奇,畸人,奇人,オンライン辞書確認,B:辞書確認・自動候補,https://kakijun.com/kanji/kotoba/7578.html / https://kanji.reader.bz/jukugo_2moji/%E7%95%B8,
畸,奇,畸形,奇形,PDF既出,A:PDF明示・自動復元候補,https://kakijun.com/kanji/kotoba/7578.html / https://kanji.reader.bz/jukugo_2moji/%E7%95%B8,
畸,奇,畸型,奇型,オンライン辞書確認,B:辞書確認・自動候補,https://kakijun.com/kanji/kotoba/7578.html / https://kanji.reader.bz/jukugo_2moji/%E7%95%B8,
畸,奇,畸才,奇才,オンライン辞書確認,B:辞書確認・自動候補,https://kakijun.com/kanji/kotoba/7578.html / https://kanji.reader.bz/jukugo_2moji/%E7%95%B8,
畸,奇,畸童,奇童,オンライン辞書確認,B:辞書確認・自動候補,https://kakijun.com/kanji/kotoba/7578.html / https://kanji.reader.bz/jukugo_2moji/%E7%95%B8,
畸,奇,畸行,奇行,オンライン辞書確認,B:辞書確認・自動候補,https://kakijun.com/kanji/kotoba/7578.html / https://kanji.reader.bz/jukugo_2moji/%E7%95%B8,
畸,奇,警畸,警奇,オンライン辞書確認,B:辞書確認・自動候補,https://kakijun.com/kanji/kotoba/7578.html / https://kanji.reader.bz/jukugo_2moji/%E7%95%B8,
稀,希,依稀,依希,オンライン辞書確認,B:辞書確認・自動候補,https://kakijun.com/kanji/kotoba/7a00.html,
稀,希,稀釈,希釈,PDF既出,A:PDF明示・自動復元候補,https://kakijun.com/kanji/kotoba/7a00.html,
稀,希,稀少,希少,PDF既出,A:PDF明示・自動復元候補,https://kakijun.com/kanji/kotoba/7a00.html,
稀,希,稀疎,希疎,オンライン辞書確認,B:辞書確認・自動候補,https://kakijun.com/kanji/kotoba/7a00.html,
稀,希,稀代,希代,PDF既出,A:PDF明示・自動復元候補,https://kakijun.com/kanji/kotoba/7a00.html,
稀,希,稀薄,希薄,PDF既出,A:PDF明示・自動復元候補,https://kakijun.com/kanji/kotoba/7a00.html,
稀,希,稀有,希有,オンライン辞書確認,B:辞書確認・自動候補,https://kakijun.com/kanji/kotoba/7a00.html,
稀,希,古稀,古希,PDF既出,A:PDF明示・自動復元候補,https://kakijun.com/kanji/kotoba/7a00.html,
稀,希,稀元素,希元素,PDF既出,A:PDF明示・自動復元候補,https://kakijun.com/kanji/kotoba/7a00.html,
稀,希,稀硫酸,希硫酸,PDF既出,A:PDF明示・自動復元候補,https://kakijun.com/kanji/kotoba/7a00.html,
糺,糾,糺弾,糾弾,PDF既出,A:PDF明示・自動復元候補,https://kakijun.com/kanji/kotoba/7cfa.html / https://kanji.quus.net/jyukugo5485/,
糺,糾,糺明,糾明,PDF既出,A:PDF明示・自動復元候補,https://kakijun.com/kanji/kotoba/7cfa.html / https://kanji.quus.net/jyukugo5485/,
糺,糾,糺問,糾問,オンライン辞書確認,B:辞書確認・自動候補,https://kakijun.com/kanji/kotoba/7cfa.html / https://kanji.quus.net/jyukugo5485/,
糺,糾,取り糺す,取り糾す,オンライン辞書確認,B:辞書確認・自動候補,https://kakijun.com/kanji/kotoba/7cfa.html / https://kanji.quus.net/jyukugo5485/,
糺,糾,聞き糺す,聞き糾す,オンライン辞書確認,B:辞書確認・自動候補,https://kakijun.com/kanji/kotoba/7cfa.html / https://kanji.quus.net/jyukugo5485/,
馭,御,統馭,統御,オンライン辞書確認,B:辞書確認・文脈判定候補,https://kakijun.com/c/99ad.html / https://kanji.quus.net/jyukugo6883/2jijyukugo.htm,
馭,御,制馭,制御,オンライン辞書確認,B:辞書確認・文脈判定候補,https://kakijun.com/c/99ad.html / https://kanji.quus.net/jyukugo6883/2jijyukugo.htm,
馭,御,駕馭,駕御,オンライン辞書確認,B:辞書確認・文脈判定候補,https://kakijun.com/c/99ad.html / https://kanji.quus.net/jyukugo6883/2jijyukugo.htm,
馭,御,馭者,御者,PDF既出,A:PDF明示・自動復元候補,https://kakijun.com/c/99ad.html / https://kanji.quus.net/jyukugo6883/2jijyukugo.htm,
馭,御,遠馭,遠御,オンライン辞書確認,B:辞書確認・文脈判定候補,https://kakijun.com/c/99ad.html / https://kanji.quus.net/jyukugo6883/2jijyukugo.htm,
馭,御,雑馭,雑御,オンライン辞書確認,B:辞書確認・文脈判定候補,https://kakijun.com/c/99ad.html / https://kanji.quus.net/jyukugo6883/2jijyukugo.htm,
馭,御,馭丁,御丁,オンライン辞書確認,B:辞書確認・文脈判定候補,https://kakijun.com/c/99ad.html / https://kanji.quus.net/jyukugo6883/2jijyukugo.htm,
馭,御,馭卒,御卒,オンライン辞書確認,B:辞書確認・文脈判定候補,https://kakijun.com/c/99ad.html / https://kanji.quus.net/jyukugo6883/2jijyukugo.htm,
馭,御,控馭之術,控御之術,オンライン辞書確認,B:辞書確認・文脈判定候補,https://kakijun.com/c/99ad.html / https://kanji.quus.net/jyukugo6883/2jijyukugo.htm,
兇,凶,元兇,元凶,PDF既出,A:PDF明示・自動復元候補,https://kakijun.com/kanji/kotoba/5147.html,
兇,凶,兇刃,凶刃,PDF既出,A:PDF明示・自動復元候補,https://kakijun.com/kanji/kotoba/5147.html,
兇,凶,兇器,凶器,PDF既出,A:PDF明示・自動復元候補,https://kakijun.com/kanji/kotoba/5147.html,
兇,凶,兇変,凶変,PDF既出,A:PDF明示・自動復元候補,https://kakijun.com/kanji/kotoba/5147.html,
兇,凶,兇弾,凶弾,オンライン辞書確認,B:辞書確認・自動候補,https://kakijun.com/kanji/kotoba/5147.html,
兇,凶,兇徒,凶徒,オンライン辞書確認,B:辞書確認・自動候補,https://kakijun.com/kanji/kotoba/5147.html,
兇,凶,兇悪,凶悪,PDF既出,A:PDF明示・自動復元候補,https://kakijun.com/kanji/kotoba/5147.html,
兇,凶,兇暴,凶暴,PDF既出,A:PDF明示・自動復元候補,https://kakijun.com/kanji/kotoba/5147.html,
兇,凶,兇漢,凶漢,PDF既出,A:PDF明示・自動復元候補,https://kakijun.com/kanji/kotoba/5147.html,
兇,凶,兇行,凶行,PDF既出,A:PDF明示・自動復元候補,https://kakijun.com/kanji/kotoba/5147.html,
絃,弦,絃歌,弦歌,PDF既出,A:PDF明示・自動復元候補,https://kakijun.com/kanji/kotoba/7d43.html,
絃,弦,三絃,三弦,PDF既出,A:PDF明示・自動復元候補,https://kakijun.com/kanji/kotoba/7d43.html,
絃,弦,管絃楽,管弦楽,PDF既出,A:PDF明示・自動復元候補,https://kakijun.com/kanji/kotoba/7d43.html,
絃,弦,絃楽器,弦楽器,オンライン辞書確認,B:辞書確認・自動候補,https://kakijun.com/kanji/kotoba/7d43.html,
倖,幸,僥倖,僥幸,オンライン辞書確認,B:辞書確認・自動候補,https://kakijun.com/kanji/kotoba/5016.html / https://kanji.quus.net/jyukugo2232/2jijyukugo.htm,
倖,幸,薄倖,薄幸,PDF既出,A:PDF明示・自動復元候補,https://kakijun.com/kanji/kotoba/5016.html / https://kanji.quus.net/jyukugo2232/2jijyukugo.htm,
倖,幸,射倖,射幸,オンライン辞書確認,B:辞書確認・自動候補,https://kakijun.com/kanji/kotoba/5016.html / https://kanji.quus.net/jyukugo2232/2jijyukugo.htm,
倖,幸,射倖心,射幸心,PDF既出,A:PDF明示・自動復元候補,https://kakijun.com/kanji/kotoba/5016.html / https://kanji.quus.net/jyukugo2232/2jijyukugo.htm,
宏,広,宏図,広図,オンライン辞書確認,B:辞書確認・自動候補,https://kakijun.com/kanji/kotoba/5b8f.html / https://www.kanjipedia.jp/kanji/0002181100 / https://kanji.quus.net/jyukugo2335/2jijyukugo.htm,
宏,広,宏壮,広壮,PDF既出,A:PDF明示・自動復元候補,https://kakijun.com/kanji/kotoba/5b8f.html / https://www.kanjipedia.jp/kanji/0002181100 / https://kanji.quus.net/jyukugo2335/2jijyukugo.htm,
宏,広,宏大,広大,PDF既出,A:PDF明示・自動復元候補,https://kakijun.com/kanji/kotoba/5b8f.html / https://www.kanjipedia.jp/kanji/0002181100 / https://kanji.quus.net/jyukugo2335/2jijyukugo.htm,
宏,広,宏謨,広謨,オンライン辞書確認,B:辞書確認・自動候補,https://kakijun.com/kanji/kotoba/5b8f.html / https://www.kanjipedia.jp/kanji/0002181100 / https://kanji.quus.net/jyukugo2335/2jijyukugo.htm,
宏,広,宏遠,広遠,オンライン辞書確認,B:辞書確認・自動候補,https://kakijun.com/kanji/kotoba/5b8f.html / https://www.kanjipedia.jp/kanji/0002181100 / https://kanji.quus.net/jyukugo2335/2jijyukugo.htm,
宏,広,恢宏,恢広,オンライン辞書確認,B:辞書確認・自動候補,https://kakijun.com/kanji/kotoba/5b8f.html / https://www.kanjipedia.jp/kanji/0002181100 / https://kanji.quus.net/jyukugo2335/2jijyukugo.htm,
宏,広,宏儒,広儒,オンライン辞書確認,B:辞書確認・自動候補,https://kakijun.com/kanji/kotoba/5b8f.html / https://www.kanjipedia.jp/kanji/0002181100 / https://kanji.quus.net/jyukugo2335/2jijyukugo.htm,
宏,広,宏弁,広弁,オンライン辞書確認,B:辞書確認・自動候補,https://kakijun.com/kanji/kotoba/5b8f.html / https://www.kanjipedia.jp/kanji/0002181100 / https://kanji.quus.net/jyukugo2335/2jijyukugo.htm,
宏,広,宏漠,広漠,オンライン辞書確認,B:辞書確認・自動候補,https://kakijun.com/kanji/kotoba/5b8f.html / https://www.kanjipedia.jp/kanji/0002181100 / https://kanji.quus.net/jyukugo2335/2jijyukugo.htm,
宏,広,宏量,広量,オンライン辞書確認,B:辞書確認・自動候補,https://kakijun.com/kanji/kotoba/5b8f.html / https://www.kanjipedia.jp/kanji/0002181100 / https://kanji.quus.net/jyukugo2335/2jijyukugo.htm,
宏,広,宏闊,広闊,オンライン辞書確認,B:辞書確認・自動候補,https://kakijun.com/kanji/kotoba/5b8f.html / https://www.kanjipedia.jp/kanji/0002181100 / https://kanji.quus.net/jyukugo2335/2jijyukugo.htm,
磺,鉱,磺,鉱,オンライン辞書確認,B:辞書確認・自動候補,https://www.bunka.go.jp/seisaku/bunkashingikai/kokugo/shoiinkai/iinkai_20/pdf/shiryo_3.pdf,原資料の一字欄は「磺→鉱」と読めるが、熟語欄には「礦業・礦石・炭礦」が出るため、礦系と分けて扱う。
礦,鉱,礦業,鉱業,PDF既出,A:PDF明示・自動復元候補,https://kanji.quus.net/jyukugo5228/ / https://kokugo.jitenon.jp/kanji/%E7%A4%A6/contain/,
礦,鉱,礦石,鉱石,PDF既出,A:PDF明示・自動復元候補,https://kanji.quus.net/jyukugo5228/ / https://kokugo.jitenon.jp/kanji/%E7%A4%A6/contain/,
礦,鉱,炭礦,炭鉱,PDF既出,A:PDF明示・自動復元候補,https://kanji.quus.net/jyukugo5228/ / https://kokugo.jitenon.jp/kanji/%E7%A4%A6/contain/,
坐,座,坐作,座作,オンライン辞書確認,B:辞書確認・文脈判定候補,https://kakijun.com/kanji/kotoba/5750.html,
坐,座,坐忘,座忘,オンライン辞書確認,B:辞書確認・文脈判定候補,https://kakijun.com/kanji/kotoba/5750.html,
坐,座,坐洲,座州,PDF既出,A:PDF明示・自動復元候補,https://kakijun.com/kanji/kotoba/5750.html,
坐,座,坐礁,座礁,PDF既出,A:PDF明示・自動復元候補,https://kakijun.com/kanji/kotoba/5750.html,
坐,座,坐臥,座臥,オンライン辞書確認,B:辞書確認・文脈判定候補,https://kakijun.com/kanji/kotoba/5750.html,
坐,座,坐視,座視,PDF既出,A:PDF明示・自動復元候補,https://kakijun.com/kanji/kotoba/5750.html,
坐,座,坐骨,座骨,オンライン辞書確認,B:辞書確認・文脈判定候補,https://kakijun.com/kanji/kotoba/5750.html,
坐,座,憑坐,憑座,オンライン辞書確認,B:辞書確認・文脈判定候補,https://kakijun.com/kanji/kotoba/5750.html,
坐,座,瞑坐,瞑座,オンライン辞書確認,B:辞書確認・文脈判定候補,https://kakijun.com/kanji/kotoba/5750.html,
坐,座,端坐,端座,PDF既出,A:PDF明示・自動復元候補,https://kakijun.com/kanji/kotoba/5750.html,
坐,座,累坐,累座,オンライン辞書確認,B:辞書確認・文脈判定候補,https://kakijun.com/kanji/kotoba/5750.html,
坐,座,趺坐,趺座,オンライン辞書確認,B:辞書確認・文脈判定候補,https://kakijun.com/kanji/kotoba/5750.html,
坐,座,跏坐,跏座,オンライン辞書確認,B:辞書確認・文脈判定候補,https://kakijun.com/kanji/kotoba/5750.html,
坐,座,連坐,連座,PDF既出,A:PDF明示・自動復元候補,https://kakijun.com/kanji/kotoba/5750.html,
坐,座,鼎坐,鼎座,オンライン辞書確認,B:辞書確認・文脈判定候補,https://kakijun.com/kanji/kotoba/5750.html,
讃,賛,和讃,和賛,オンライン辞書確認,B:辞書確認・文脈判定候補,https://kakijun.com/kanji/kotoba/8b83.html / https://kanji.quus.net/jyukugo2875/ / https://yoji.jitenon.jp/kanji/%E8%AE%83/contain/,
讃,賛,慶讃,慶賛,オンライン辞書確認,B:辞書確認・文脈判定候補,https://kakijun.com/kanji/kotoba/8b83.html / https://kanji.quus.net/jyukugo2875/ / https://yoji.jitenon.jp/kanji/%E8%AE%83/contain/,
讃,賛,画讃,画賛,オンライン辞書確認,B:辞書確認・文脈判定候補,https://kakijun.com/kanji/kotoba/8b83.html / https://kanji.quus.net/jyukugo2875/ / https://yoji.jitenon.jp/kanji/%E8%AE%83/contain/,
讃,賛,称讃,称賛,オンライン辞書確認,B:辞書確認・文脈判定候補,https://kakijun.com/kanji/kotoba/8b83.html / https://kanji.quus.net/jyukugo2875/ / https://yoji.jitenon.jp/kanji/%E8%AE%83/contain/,
讃,賛,絶讃,絶賛,PDF既出,A:PDF明示・自動復元候補,https://kakijun.com/kanji/kotoba/8b83.html / https://kanji.quus.net/jyukugo2875/ / https://yoji.jitenon.jp/kanji/%E8%AE%83/contain/,
讃,賛,讃仰,賛仰,PDF既出,A:PDF明示・自動復元候補,https://kakijun.com/kanji/kotoba/8b83.html / https://kanji.quus.net/jyukugo2875/ / https://yoji.jitenon.jp/kanji/%E8%AE%83/contain/,
讃,賛,讃嘆,賛嘆,PDF既出,A:PDF明示・自動復元候補,https://kakijun.com/kanji/kotoba/8b83.html / https://kanji.quus.net/jyukugo2875/ / https://yoji.jitenon.jp/kanji/%E8%AE%83/contain/,
讃,賛,讃美,賛美,PDF既出,A:PDF明示・自動復元候補,https://kakijun.com/kanji/kotoba/8b83.html / https://kanji.quus.net/jyukugo2875/ / https://yoji.jitenon.jp/kanji/%E8%AE%83/contain/,
讃,賛,讃辞,賛辞,PDF既出,A:PDF明示・自動復元候補,https://kakijun.com/kanji/kotoba/8b83.html / https://kanji.quus.net/jyukugo2875/ / https://yoji.jitenon.jp/kanji/%E8%AE%83/contain/,
讃,賛,賞讃,賞賛,オンライン辞書確認,B:辞書確認・文脈判定候補,https://kakijun.com/kanji/kotoba/8b83.html / https://kanji.quus.net/jyukugo2875/ / https://yoji.jitenon.jp/kanji/%E8%AE%83/contain/,
讃,賛,自画讃,自画賛,オンライン辞書確認,B:辞書確認・文脈判定候補,https://kakijun.com/kanji/kotoba/8b83.html / https://kanji.quus.net/jyukugo2875/ / https://yoji.jitenon.jp/kanji/%E8%AE%83/contain/,
讃,賛,自負自讃,自負自賛,オンライン辞書確認,B:辞書確認・文脈判定候補,https://kakijun.com/kanji/kotoba/8b83.html / https://kanji.quus.net/jyukugo2875/ / https://yoji.jitenon.jp/kanji/%E8%AE%83/contain/,
讃,賛,讃美歌,賛美歌,オンライン辞書確認,B:辞書確認・文脈判定候補,https://kakijun.com/kanji/kotoba/8b83.html / https://kanji.quus.net/jyukugo2875/ / https://yoji.jitenon.jp/kanji/%E8%AE%83/contain/,
讃,賛,慶讃会,慶賛会,オンライン辞書確認,B:辞書確認・文脈判定候補,https://kakijun.com/kanji/kotoba/8b83.html / https://kanji.quus.net/jyukugo2875/ / https://yoji.jitenon.jp/kanji/%E8%AE%83/contain/,
讃,賛,講讃,講賛,オンライン辞書確認,B:辞書確認・文脈判定候補,https://kakijun.com/kanji/kotoba/8b83.html / https://kanji.quus.net/jyukugo2875/ / https://yoji.jitenon.jp/kanji/%E8%AE%83/contain/,
讃,賛,讃衆,賛衆,オンライン辞書確認,B:辞書確認・文脈判定候補,https://kakijun.com/kanji/kotoba/8b83.html / https://kanji.quus.net/jyukugo2875/ / https://yoji.jitenon.jp/kanji/%E8%AE%83/contain/,
讃,賛,讃州,賛州,オンライン辞書確認,C:固有名・特殊語注意,https://kakijun.com/kanji/kotoba/8b83.html / https://kanji.quus.net/jyukugo2875/ / https://yoji.jitenon.jp/kanji/%E8%AE%83/contain/,
讃,賛,讃頌,賛頌,オンライン辞書確認,B:辞書確認・文脈判定候補,https://kakijun.com/kanji/kotoba/8b83.html / https://kanji.quus.net/jyukugo2875/ / https://yoji.jitenon.jp/kanji/%E8%AE%83/contain/,
讃,賛,讃談,賛談,オンライン辞書確認,B:辞書確認・文脈判定候補,https://kakijun.com/kanji/kotoba/8b83.html / https://kanji.quus.net/jyukugo2875/ / https://yoji.jitenon.jp/kanji/%E8%AE%83/contain/,
讃,賛,讃仏会,賛仏会,オンライン辞書確認,B:辞書確認・文脈判定候補,https://kakijun.com/kanji/kotoba/8b83.html / https://kanji.quus.net/jyukugo2875/ / https://yoji.jitenon.jp/kanji/%E8%AE%83/contain/,
讃,賛,讃仏乗,賛仏乗,オンライン辞書確認,B:辞書確認・文脈判定候補,https://kakijun.com/kanji/kotoba/8b83.html / https://kanji.quus.net/jyukugo2875/ / https://yoji.jitenon.jp/kanji/%E8%AE%83/contain/,
洲,州,八洲,八州,オンライン辞書確認,C:固有名・特殊語注意,https://kakijun.com/kanji/kotoba/6d32.html,
洲,州,坐洲,座州,PDF既出,A:PDF明示・自動復元候補,https://kakijun.com/kanji/kotoba/6d32.html,
洲,州,洲崎,州崎,オンライン辞書確認,C:固有名・特殊語注意,https://kakijun.com/kanji/kotoba/6d32.html,
洲,州,洲嶼,州嶼,オンライン辞書確認,B:辞書確認・自動候補,https://kakijun.com/kanji/kotoba/6d32.html,
洲,州,洲浜,州浜,オンライン辞書確認,B:辞書確認・自動候補,https://kakijun.com/kanji/kotoba/6d32.html,
洲,州,大八洲,大八州,オンライン辞書確認,C:固有名・特殊語注意,https://kakijun.com/kanji/kotoba/6d32.html,
輯,集,編輯,編集,PDF既出,A:PDF明示・自動復元候補,https://kanji.reader.bz/jukugo_2moji/%E8%BC%AF / https://kokugo.jitenon.jp/kanji/%E8%BC%AF/contain/,
輯,集,特輯,特集,PDF既出,A:PDF明示・自動復元候補,https://kanji.reader.bz/jukugo_2moji/%E8%BC%AF / https://kokugo.jitenon.jp/kanji/%E8%BC%AF/contain/,
輯,集,纂輯,纂集,オンライン辞書確認,B:辞書確認・自動候補,https://kanji.reader.bz/jukugo_2moji/%E8%BC%AF / https://kokugo.jitenon.jp/kanji/%E8%BC%AF/contain/,
輯,集,集輯,集集,オンライン辞書確認,B:辞書確認・自動候補,https://kanji.reader.bz/jukugo_2moji/%E8%BC%AF / https://kokugo.jitenon.jp/kanji/%E8%BC%AF/contain/,
輯,集,輯睦,集睦,オンライン辞書確認,B:辞書確認・自動候補,https://kanji.reader.bz/jukugo_2moji/%E8%BC%AF / https://kokugo.jitenon.jp/kanji/%E8%BC%AF/contain/,
輯,集,輯録,集録,オンライン辞書確認,B:辞書確認・自動候補,https://kanji.reader.bz/jukugo_2moji/%E8%BC%AF / https://kokugo.jitenon.jp/kanji/%E8%BC%AF/contain/,
輯,集,収輯,収集,オンライン辞書確認,B:辞書確認・自動候補,https://kanji.reader.bz/jukugo_2moji/%E8%BC%AF / https://kokugo.jitenon.jp/kanji/%E8%BC%AF/contain/,
輯,集,寧輯,寧集,オンライン辞書確認,B:辞書確認・自動候補,https://kanji.reader.bz/jukugo_2moji/%E8%BC%AF / https://kokugo.jitenon.jp/kanji/%E8%BC%AF/contain/,
輯,集,懐輯,懐集,オンライン辞書確認,B:辞書確認・自動候補,https://kanji.reader.bz/jukugo_2moji/%E8%BC%AF / https://kokugo.jitenon.jp/kanji/%E8%BC%AF/contain/,
陞,昇,陞叙,昇叙,PDF既出,A:PDF明示・自動復元候補,https://kakijun.com/kanji/kotoba/965e.html,
銷,消,銷金,消金,オンライン辞書確認,B:辞書確認・自動候補,https://kanji.quus.net/jyukugo6609/3jijyukugo.htm / https://yoji.jitenon.jp/kanji/%E6%B6%88/contain/,
銷,消,銷する,消する,オンライン辞書確認,B:辞書確認・自動候補,https://kanji.quus.net/jyukugo6609/3jijyukugo.htm / https://yoji.jitenon.jp/kanji/%E6%B6%88/contain/,
銷,消,銷夏,消夏,PDF既出,A:PDF明示・自動復元候補,https://kanji.quus.net/jyukugo6609/3jijyukugo.htm / https://yoji.jitenon.jp/kanji/%E6%B6%88/contain/,
銷,消,銷却,消却,PDF既出,A:PDF明示・自動復元候補,https://kanji.quus.net/jyukugo6609/3jijyukugo.htm / https://yoji.jitenon.jp/kanji/%E6%B6%88/contain/,
銷,消,銷鎮,消沈,PDF既出,A:PDF明示・自動復元候補,https://kanji.quus.net/jyukugo6609/3jijyukugo.htm / https://yoji.jitenon.jp/kanji/%E6%B6%88/contain/,
銷,消,銷沈,消沈,オンライン辞書確認,B:辞書確認・自動候補,https://kanji.quus.net/jyukugo6609/3jijyukugo.htm / https://yoji.jitenon.jp/kanji/%E6%B6%88/contain/,
銷,消,意気銷沈,意気消沈,オンライン辞書確認,B:辞書確認・自動候補,https://kanji.quus.net/jyukugo6609/3jijyukugo.htm / https://yoji.jitenon.jp/kanji/%E6%B6%88/contain/,
銷,消,一筆勾銷,一筆勾消,オンライン辞書確認,B:辞書確認・自動候補,https://kanji.quus.net/jyukugo6609/3jijyukugo.htm / https://yoji.jitenon.jp/kanji/%E6%B6%88/contain/,
蹟,跡,三蹟,三跡,オンライン辞書確認,B:辞書確認・自動候補,https://kakijun.com/kanji/kotoba/8e5f.html / https://kanji.reader.bz/jukugo_2moji/%E8%B9%9F,
蹟,跡,古蹟,古跡,PDF既出,A:PDF明示・自動復元候補,https://kakijun.com/kanji/kotoba/8e5f.html / https://kanji.reader.bz/jukugo_2moji/%E8%B9%9F,
蹟,跡,史蹟,史跡,PDF既出,A:PDF明示・自動復元候補,https://kakijun.com/kanji/kotoba/8e5f.html / https://kanji.reader.bz/jukugo_2moji/%E8%B9%9F,
蹟,跡,奇蹟,奇跡,PDF既出,A:PDF明示・自動復元候補,https://kakijun.com/kanji/kotoba/8e5f.html / https://kanji.reader.bz/jukugo_2moji/%E8%B9%9F,
蹟,跡,手蹟,手跡,PDF既出,A:PDF明示・自動復元候補,https://kakijun.com/kanji/kotoba/8e5f.html / https://kanji.reader.bz/jukugo_2moji/%E8%B9%9F,
蹟,跡,旧蹟,旧跡,PDF既出,A:PDF明示・自動復元候補,https://kakijun.com/kanji/kotoba/8e5f.html / https://kanji.reader.bz/jukugo_2moji/%E8%B9%9F,
蹟,跡,真蹟,真跡,PDF既出,A:PDF明示・自動復元候補,https://kakijun.com/kanji/kotoba/8e5f.html / https://kanji.reader.bz/jukugo_2moji/%E8%B9%9F,
蹟,跡,筆蹟,筆跡,PDF既出,A:PDF明示・自動復元候補,https://kakijun.com/kanji/kotoba/8e5f.html / https://kanji.reader.bz/jukugo_2moji/%E8%B9%9F,
蹟,跡,遺蹟,遺跡,PDF既出,A:PDF明示・自動復元候補,https://kakijun.com/kanji/kotoba/8e5f.html / https://kanji.reader.bz/jukugo_2moji/%E8%B9%9F,
蹟,跡,墨蹟,墨跡,オンライン辞書確認,B:辞書確認・自動候補,https://kakijun.com/kanji/kotoba/8e5f.html / https://kanji.reader.bz/jukugo_2moji/%E8%B9%9F,
蹟,跡,名蹟,名跡,オンライン辞書確認,B:辞書確認・自動候補,https://kakijun.com/kanji/kotoba/8e5f.html / https://kanji.reader.bz/jukugo_2moji/%E8%B9%9F,
蹟,跡,事蹟,事跡,オンライン辞書確認,B:辞書確認・自動候補,https://kakijun.com/kanji/kotoba/8e5f.html / https://kanji.reader.bz/jukugo_2moji/%E8%B9%9F,
沮,阻,沮止,阻止,PDF既出,A:PDF明示・自動復元候補,https://kanjijoho.com/kanji/kanji4291.html / https://kanji.reader.bz/jukugo_2moji/%E6%B2%AE,
沮,阻,沮喪,阻喪,PDF既出,A:PDF明示・自動復元候補,https://kanjijoho.com/kanji/kanji4291.html / https://kanji.reader.bz/jukugo_2moji/%E6%B2%AE,
沮,阻,沮む,阻む,オンライン辞書確認,B:辞書確認・文脈判定候補,https://kanjijoho.com/kanji/kanji4291.html / https://kanji.reader.bz/jukugo_2moji/%E6%B2%AE,
沮,阻,沮洳,阻洳,オンライン辞書確認,B:辞書確認・文脈判定候補,https://kanjijoho.com/kanji/kanji4291.html / https://kanji.reader.bz/jukugo_2moji/%E6%B2%AE,
沮,阻,沃沮,沃阻,オンライン辞書確認,B:辞書確認・文脈判定候補,https://kanjijoho.com/kanji/kanji4291.html / https://kanji.reader.bz/jukugo_2moji/%E6%B2%AE,
沮,阻,臨沮,臨阻,オンライン辞書確認,B:辞書確認・文脈判定候補,https://kanjijoho.com/kanji/kanji4291.html / https://kanji.reader.bz/jukugo_2moji/%E6%B2%AE,
沮,阻,沮潰,阻潰,オンライン辞書確認,B:辞書確認・文脈判定候補,https://kanjijoho.com/kanji/kanji4291.html / https://kanji.reader.bz/jukugo_2moji/%E6%B2%AE,
沮,阻,沮害,阻害,オンライン辞書確認,B:辞書確認・文脈判定候補,https://kanjijoho.com/kanji/kanji4291.html / https://kanji.reader.bz/jukugo_2moji/%E6%B2%AE,
沮,阻,愧沮,愧阻,オンライン辞書確認,B:辞書確認・文脈判定候補,https://kanjijoho.com/kanji/kanji4291.html / https://kanji.reader.bz/jukugo_2moji/%E6%B2%AE,
沮,阻,惨沮,惨阻,オンライン辞書確認,B:辞書確認・文脈判定候補,https://kanjijoho.com/kanji/kanji4291.html / https://kanji.reader.bz/jukugo_2moji/%E6%B2%AE,
沮,阻,慙沮,慙阻,オンライン辞書確認,B:辞書確認・文脈判定候補,https://kanjijoho.com/kanji/kanji4291.html / https://kanji.reader.bz/jukugo_2moji/%E6%B2%AE,
沮,阻,意気沮喪,意気阻喪,オンライン辞書確認,B:辞書確認・文脈判定候補,https://kanjijoho.com/kanji/kanji4291.html / https://kanji.reader.bz/jukugo_2moji/%E6%B2%AE,
惣,総,惣暗,総暗,オンライン辞書確認,B:辞書確認・自動候補,https://kakijun.com/kanji/kotoba/60e3.html / https://kanji.quus.net/jyukugo2406/ / https://kanji.nonai.jp/0002599,
惣,総,惣菜,総菜,PDF既出,A:PDF明示・自動復元候補,https://kakijun.com/kanji/kotoba/60e3.html / https://kanji.quus.net/jyukugo2406/ / https://kanji.nonai.jp/0002599,
惣,総,惣領,総領,オンライン辞書確認,B:辞書確認・自動候補,https://kakijun.com/kanji/kotoba/60e3.html / https://kanji.quus.net/jyukugo2406/ / https://kanji.nonai.jp/0002599,
惣,総,惣太鰹,総太鰹,オンライン辞書確認,C:固有名・特殊語注意,https://kakijun.com/kanji/kotoba/60e3.html / https://kanji.quus.net/jyukugo2406/ / https://kanji.nonai.jp/0002599,
惣,総,惣作,総作,オンライン辞書確認,B:辞書確認・自動候補,https://kakijun.com/kanji/kotoba/60e3.html / https://kanji.quus.net/jyukugo2406/ / https://kanji.nonai.jp/0002599,
惣,総,惣嫁,総嫁,オンライン辞書確認,B:辞書確認・自動候補,https://kakijun.com/kanji/kotoba/60e3.html / https://kanji.quus.net/jyukugo2406/ / https://kanji.nonai.jp/0002599,
惣,総,惣村請,総村請,オンライン辞書確認,B:辞書確認・自動候補,https://kakijun.com/kanji/kotoba/60e3.html / https://kanji.quus.net/jyukugo2406/ / https://kanji.nonai.jp/0002599,
惣,総,惣大将,総大将,オンライン辞書確認,B:辞書確認・自動候補,https://kakijun.com/kanji/kotoba/60e3.html / https://kanji.quus.net/jyukugo2406/ / https://kanji.nonai.jp/0002599,
惣,総,惣検校,総検校,オンライン辞書確認,B:辞書確認・自動候補,https://kakijun.com/kanji/kotoba/60e3.html / https://kanji.quus.net/jyukugo2406/ / https://kanji.nonai.jp/0002599,
惣,総,惣地頭,総地頭,オンライン辞書確認,B:辞書確認・自動候補,https://kakijun.com/kanji/kotoba/60e3.html / https://kanji.quus.net/jyukugo2406/ / https://kanji.nonai.jp/0002599,
惣,総,惣年寄,総年寄,オンライン辞書確認,B:辞書確認・自動候補,https://kakijun.com/kanji/kotoba/60e3.html / https://kanji.quus.net/jyukugo2406/ / https://kanji.nonai.jp/0002599,
惣,総,惣百姓,総百姓,オンライン辞書確認,B:辞書確認・自動候補,https://kakijun.com/kanji/kotoba/60e3.html / https://kanji.quus.net/jyukugo2406/ / https://kanji.nonai.jp/0002599,
歎,嘆,詠歎,詠嘆,オンライン辞書確認,B:辞書確認・自動候補,https://kokugo.jitenon.jp/kanji/%E6%AD%8E/contain/ / https://yoji.jitenon.jp/kanji/%E6%AD%8E/contain/,
歎,嘆,怨歎,怨嘆,オンライン辞書確認,B:辞書確認・自動候補,https://kokugo.jitenon.jp/kanji/%E6%AD%8E/contain/ / https://yoji.jitenon.jp/kanji/%E6%AD%8E/contain/,
歎,嘆,懊歎,懊嘆,オンライン辞書確認,B:辞書確認・自動候補,https://kokugo.jitenon.jp/kanji/%E6%AD%8E/contain/ / https://yoji.jitenon.jp/kanji/%E6%AD%8E/contain/,
歎,嘆,感歎,感嘆,オンライン辞書確認,B:辞書確認・自動候補,https://kokugo.jitenon.jp/kanji/%E6%AD%8E/contain/ / https://yoji.jitenon.jp/kanji/%E6%AD%8E/contain/,
歎,嘆,慨歎,慨嘆,オンライン辞書確認,B:辞書確認・自動候補,https://kokugo.jitenon.jp/kanji/%E6%AD%8E/contain/ / https://yoji.jitenon.jp/kanji/%E6%AD%8E/contain/,
歎,嘆,驚歎,驚嘆,オンライン辞書確認,B:辞書確認・自動候補,https://kokugo.jitenon.jp/kanji/%E6%AD%8E/contain/ / https://yoji.jitenon.jp/kanji/%E6%AD%8E/contain/,
歎,嘆,嗟歎,嗟嘆,オンライン辞書確認,B:辞書確認・自動候補,https://kokugo.jitenon.jp/kanji/%E6%AD%8E/contain/ / https://yoji.jitenon.jp/kanji/%E6%AD%8E/contain/,
歎,嘆,三歎,三嘆,オンライン辞書確認,B:辞書確認・自動候補,https://kokugo.jitenon.jp/kanji/%E6%AD%8E/contain/ / https://yoji.jitenon.jp/kanji/%E6%AD%8E/contain/,
歎,嘆,讚歎,讚嘆,オンライン辞書確認,B:辞書確認・自動候補,https://kokugo.jitenon.jp/kanji/%E6%AD%8E/contain/ / https://yoji.jitenon.jp/kanji/%E6%AD%8E/contain/,
歎,嘆,愁歎,愁嘆,オンライン辞書確認,B:辞書確認・自動候補,https://kokugo.jitenon.jp/kanji/%E6%AD%8E/contain/ / https://yoji.jitenon.jp/kanji/%E6%AD%8E/contain/,
歎,嘆,賞歎,賞嘆,オンライン辞書確認,B:辞書確認・自動候補,https://kokugo.jitenon.jp/kanji/%E6%AD%8E/contain/ / https://yoji.jitenon.jp/kanji/%E6%AD%8E/contain/,
歎,嘆,歎願,嘆願,PDF既出,A:PDF明示・自動復元候補,https://kokugo.jitenon.jp/kanji/%E6%AD%8E/contain/ / https://yoji.jitenon.jp/kanji/%E6%AD%8E/contain/,
歎,嘆,歎ずる,嘆ずる,オンライン辞書確認,B:辞書確認・自動候補,https://kokugo.jitenon.jp/kanji/%E6%AD%8E/contain/ / https://yoji.jitenon.jp/kanji/%E6%AD%8E/contain/,
歎,嘆,才難之歎,才難之嘆,オンライン辞書確認,B:辞書確認・自動候補,https://kokugo.jitenon.jp/kanji/%E6%AD%8E/contain/ / https://yoji.jitenon.jp/kanji/%E6%AD%8E/contain/,
歎,嘆,黍離之歎,黍離之嘆,オンライン辞書確認,B:辞書確認・自動候補,https://kokugo.jitenon.jp/kanji/%E6%AD%8E/contain/ / https://yoji.jitenon.jp/kanji/%E6%AD%8E/contain/,
歎,嘆,積薪之歎,積薪之嘆,オンライン辞書確認,B:辞書確認・自動候補,https://kokugo.jitenon.jp/kanji/%E6%AD%8E/contain/ / https://yoji.jitenon.jp/kanji/%E6%AD%8E/contain/,
歎,嘆,川上之歎,川上之嘆,オンライン辞書確認,B:辞書確認・自動候補,https://kokugo.jitenon.jp/kanji/%E6%AD%8E/contain/ / https://yoji.jitenon.jp/kanji/%E6%AD%8E/contain/,
歎,嘆,破鏡之歎,破鏡之嘆,オンライン辞書確認,B:辞書確認・自動候補,https://kokugo.jitenon.jp/kanji/%E6%AD%8E/contain/ / https://yoji.jitenon.jp/kanji/%E6%AD%8E/contain/,
歎,嘆,一倡三歎,一倡三嘆,オンライン辞書確認,B:辞書確認・自動候補,https://kokugo.jitenon.jp/kanji/%E6%AD%8E/contain/ / https://yoji.jitenon.jp/kanji/%E6%AD%8E/contain/,
智,知,叡智,英知,PDF既出,A:PDF明示・自動復元候補,https://kakijun.com/kanji/kotoba/667a.html / https://kanji.quus.net/jyukugo2470/ / https://yoji.jitenon.jp/kanji/%E6%99%BA/contain/,智→知は語義差が残りやすい。英知→叡智、知恵→智慧など単純一字復元でない語を含む。
智,知,智利,知利,オンライン辞書確認,B:辞書確認・文脈判定候補,https://kakijun.com/kanji/kotoba/667a.html / https://kanji.quus.net/jyukugo2470/ / https://yoji.jitenon.jp/kanji/%E6%99%BA/contain/,智→知は語義差が残りやすい。英知→叡智、知恵→智慧など単純一字復元でない語を含む。
智,知,智勇,知勇,オンライン辞書確認,B:辞書確認・文脈判定候補,https://kakijun.com/kanji/kotoba/667a.html / https://kanji.quus.net/jyukugo2470/ / https://yoji.jitenon.jp/kanji/%E6%99%BA/contain/,智→知は語義差が残りやすい。英知→叡智、知恵→智慧など単純一字復元でない語を含む。
智,知,智巧,知巧,オンライン辞書確認,B:辞書確認・文脈判定候補,https://kakijun.com/kanji/kotoba/667a.html / https://kanji.quus.net/jyukugo2470/ / https://yoji.jitenon.jp/kanji/%E6%99%BA/contain/,智→知は語義差が残りやすい。英知→叡智、知恵→智慧など単純一字復元でない語を含む。
智,知,智徳,知徳,オンライン辞書確認,B:辞書確認・文脈判定候補,https://kakijun.com/kanji/kotoba/667a.html / https://kanji.quus.net/jyukugo2470/ / https://yoji.jitenon.jp/kanji/%E6%99%BA/contain/,智→知は語義差が残りやすい。英知→叡智、知恵→智慧など単純一字復元でない語を含む。
智,知,智慧,知恵,PDF既出,A:PDF明示・自動復元候補,https://kakijun.com/kanji/kotoba/667a.html / https://kanji.quus.net/jyukugo2470/ / https://yoji.jitenon.jp/kanji/%E6%99%BA/contain/,智→知は語義差が残りやすい。英知→叡智、知恵→智慧など単純一字復元でない語を含む。
智,知,智能,知能,PDF既出,A:PDF明示・自動復元候補,https://kakijun.com/kanji/kotoba/667a.html / https://kanji.quus.net/jyukugo2470/ / https://yoji.jitenon.jp/kanji/%E6%99%BA/contain/,智→知は語義差が残りやすい。英知→叡智、知恵→智慧など単純一字復元でない語を含む。
智,知,智謀,知謀,PDF既出,A:PDF明示・自動復元候補,https://kakijun.com/kanji/kotoba/667a.html / https://kanji.quus.net/jyukugo2470/ / https://yoji.jitenon.jp/kanji/%E6%99%BA/contain/,智→知は語義差が残りやすい。英知→叡智、知恵→智慧など単純一字復元でない語を含む。
智,知,権智,権知,オンライン辞書確認,B:辞書確認・文脈判定候補,https://kakijun.com/kanji/kotoba/667a.html / https://kanji.quus.net/jyukugo2470/ / https://yoji.jitenon.jp/kanji/%E6%99%BA/contain/,智→知は語義差が残りやすい。英知→叡智、知恵→智慧など単純一字復元でない語を含む。
智,知,五智,五知,オンライン辞書確認,B:辞書確認・文脈判定候補,https://kakijun.com/kanji/kotoba/667a.html / https://kanji.quus.net/jyukugo2470/ / https://yoji.jitenon.jp/kanji/%E6%99%BA/contain/,智→知は語義差が残りやすい。英知→叡智、知恵→智慧など単純一字復元でない語を含む。
智,知,三智,三知,オンライン辞書確認,B:辞書確認・文脈判定候補,https://kakijun.com/kanji/kotoba/667a.html / https://kanji.quus.net/jyukugo2470/ / https://yoji.jitenon.jp/kanji/%E6%99%BA/contain/,智→知は語義差が残りやすい。英知→叡智、知恵→智慧など単純一字復元でない語を含む。
智,知,四智,四知,オンライン辞書確認,B:辞書確認・文脈判定候補,https://kakijun.com/kanji/kotoba/667a.html / https://kanji.quus.net/jyukugo2470/ / https://yoji.jitenon.jp/kanji/%E6%99%BA/contain/,智→知は語義差が残りやすい。英知→叡智、知恵→智慧など単純一字復元でない語を含む。
智,知,実智,実知,オンライン辞書確認,B:辞書確認・文脈判定候補,https://kakijun.com/kanji/kotoba/667a.html / https://kanji.quus.net/jyukugo2470/ / https://yoji.jitenon.jp/kanji/%E6%99%BA/contain/,智→知は語義差が残りやすい。英知→叡智、知恵→智慧など単純一字復元でない語を含む。
智,知,那智,那知,オンライン辞書確認,C:固有名・特殊語注意,https://kakijun.com/kanji/kotoba/667a.html / https://kanji.quus.net/jyukugo2470/ / https://yoji.jitenon.jp/kanji/%E6%99%BA/contain/,智→知は語義差が残りやすい。英知→叡智、知恵→智慧など単純一字復元でない語を含む。
智,知,仏智,仏知,オンライン辞書確認,B:辞書確認・文脈判定候補,https://kakijun.com/kanji/kotoba/667a.html / https://kanji.quus.net/jyukugo2470/ / https://yoji.jitenon.jp/kanji/%E6%99%BA/contain/,智→知は語義差が残りやすい。英知→叡智、知恵→智慧など単純一字復元でない語を含む。
智,知,明智,明知,オンライン辞書確認,C:固有名・特殊語注意,https://kakijun.com/kanji/kotoba/667a.html / https://kanji.quus.net/jyukugo2470/ / https://yoji.jitenon.jp/kanji/%E6%99%BA/contain/,智→知は語義差が残りやすい。英知→叡智、知恵→智慧など単純一字復元でない語を含む。
智,知,一切智,一切知,オンライン辞書確認,B:辞書確認・文脈判定候補,https://kakijun.com/kanji/kotoba/667a.html / https://kanji.quus.net/jyukugo2470/ / https://yoji.jitenon.jp/kanji/%E6%99%BA/contain/,智→知は語義差が残りやすい。英知→叡智、知恵→智慧など単純一字復元でない語を含む。
智,知,自然智,自然知,オンライン辞書確認,B:辞書確認・文脈判定候補,https://kakijun.com/kanji/kotoba/667a.html / https://kanji.quus.net/jyukugo2470/ / https://yoji.jitenon.jp/kanji/%E6%99%BA/contain/,智→知は語義差が残りやすい。英知→叡智、知恵→智慧など単純一字復元でない語を含む。
智,知,神智学,神知学,オンライン辞書確認,B:辞書確認・文脈判定候補,https://kakijun.com/kanji/kotoba/667a.html / https://kanji.quus.net/jyukugo2470/ / https://yoji.jitenon.jp/kanji/%E6%99%BA/contain/,智→知は語義差が残りやすい。英知→叡智、知恵→智慧など単純一字復元でない語を含む。
智,知,有智高才,有知高才,オンライン辞書確認,B:辞書確認・文脈判定候補,https://kakijun.com/kanji/kotoba/667a.html / https://kanji.quus.net/jyukugo2470/ / https://yoji.jitenon.jp/kanji/%E6%99%BA/contain/,智→知は語義差が残りやすい。英知→叡智、知恵→智慧など単純一字復元でない語を含む。
智,知,邪智,邪知,オンライン辞書確認,B:辞書確認・文脈判定候補,https://kakijun.com/kanji/kotoba/667a.html / https://kanji.quus.net/jyukugo2470/ / https://yoji.jitenon.jp/kanji/%E6%99%BA/contain/,智→知は語義差が残りやすい。英知→叡智、知恵→智慧など単純一字復元でない語を含む。
智,知,無智,無知,PDF既出,A:PDF明示・自動復元候補,https://kakijun.com/kanji/kotoba/667a.html / https://kanji.quus.net/jyukugo2470/ / https://yoji.jitenon.jp/kanji/%E6%99%BA/contain/,智→知は語義差が残りやすい。英知→叡智、知恵→智慧など単純一字復元でない語を含む。
智,知,灰身滅智,灰身滅知,オンライン辞書確認,B:辞書確認・文脈判定候補,https://kakijun.com/kanji/kotoba/667a.html / https://kanji.quus.net/jyukugo2470/ / https://yoji.jitenon.jp/kanji/%E6%99%BA/contain/,智→知は語義差が残りやすい。英知→叡智、知恵→智慧など単純一字復元でない語を含む。
註,注,冠註,冠注,オンライン辞書確認,B:辞書確認・自動候補,https://kanji.quus.net/jyukugo2865/ / https://www.bunka.go.jp/seisaku/bunkashingikai/kokugo/shoiinkai/iinkai_20/pdf/shiryo_3.pdf,
註,注,脚註,脚注,オンライン辞書確認,B:辞書確認・自動候補,https://kanji.quus.net/jyukugo2865/ / https://www.bunka.go.jp/seisaku/bunkashingikai/kokugo/shoiinkai/iinkai_20/pdf/shiryo_3.pdf,
註,注,訓註,訓注,オンライン辞書確認,B:辞書確認・自動候補,https://kanji.quus.net/jyukugo2865/ / https://www.bunka.go.jp/seisaku/bunkashingikai/kokugo/shoiinkai/iinkai_20/pdf/shiryo_3.pdf,
註,注,註解,注解,PDF既出,A:PDF明示・自動復元候補,https://kanji.quus.net/jyukugo2865/ / https://www.bunka.go.jp/seisaku/bunkashingikai/kokugo/shoiinkai/iinkai_20/pdf/shiryo_3.pdf,
註,注,註釈,注釈,PDF既出,A:PDF明示・自動復元候補,https://kanji.quus.net/jyukugo2865/ / https://www.bunka.go.jp/seisaku/bunkashingikai/kokugo/shoiinkai/iinkai_20/pdf/shiryo_3.pdf,
註,注,註文,注文,PDF既出,A:PDF明示・自動復元候補,https://kanji.quus.net/jyukugo2865/ / https://www.bunka.go.jp/seisaku/bunkashingikai/kokugo/shoiinkai/iinkai_20/pdf/shiryo_3.pdf,
註,注,註記,注記,オンライン辞書確認,B:辞書確認・自動候補,https://kanji.quus.net/jyukugo2865/ / https://www.bunka.go.jp/seisaku/bunkashingikai/kokugo/shoiinkai/iinkai_20/pdf/shiryo_3.pdf,
註,注,註疏,注疏,オンライン辞書確認,B:辞書確認・自動候補,https://kanji.quus.net/jyukugo2865/ / https://www.bunka.go.jp/seisaku/bunkashingikai/kokugo/shoiinkai/iinkai_20/pdf/shiryo_3.pdf,
註,注,評註,評注,オンライン辞書確認,B:辞書確認・自動候補,https://kanji.quus.net/jyukugo2865/ / https://www.bunka.go.jp/seisaku/bunkashingikai/kokugo/shoiinkai/iinkai_20/pdf/shiryo_3.pdf,
註,注,訳註,訳注,オンライン辞書確認,B:辞書確認・自動候補,https://kanji.quus.net/jyukugo2865/ / https://www.bunka.go.jp/seisaku/bunkashingikai/kokugo/shoiinkai/iinkai_20/pdf/shiryo_3.pdf,
註,注,校註,校注,オンライン辞書確認,B:辞書確認・自動候補,https://kanji.quus.net/jyukugo2865/ / https://www.bunka.go.jp/seisaku/bunkashingikai/kokugo/shoiinkai/iinkai_20/pdf/shiryo_3.pdf,
註,注,頭註,頭注,オンライン辞書確認,B:辞書確認・自動候補,https://kanji.quus.net/jyukugo2865/ / https://www.bunka.go.jp/seisaku/bunkashingikai/kokugo/shoiinkai/iinkai_20/pdf/shiryo_3.pdf,
註,注,傍註,傍注,オンライン辞書確認,B:辞書確認・自動候補,https://kanji.quus.net/jyukugo2865/ / https://www.bunka.go.jp/seisaku/bunkashingikai/kokugo/shoiinkai/iinkai_20/pdf/shiryo_3.pdf,
註,注,割註,割注,オンライン辞書確認,B:辞書確認・自動候補,https://kanji.quus.net/jyukugo2865/ / https://www.bunka.go.jp/seisaku/bunkashingikai/kokugo/shoiinkai/iinkai_20/pdf/shiryo_3.pdf,
註,注,箋註,箋注,オンライン辞書確認,B:辞書確認・自動候補,https://kanji.quus.net/jyukugo2865/ / https://www.bunka.go.jp/seisaku/bunkashingikai/kokugo/shoiinkai/iinkai_20/pdf/shiryo_3.pdf,
註,注,補註,補注,オンライン辞書確認,B:辞書確認・自動候補,https://kanji.quus.net/jyukugo2865/ / https://www.bunka.go.jp/seisaku/bunkashingikai/kokugo/shoiinkai/iinkai_20/pdf/shiryo_3.pdf,
蹈,踏,蹈襲,踏襲,PDF既出,A:PDF明示・自動復元候補,https://kakijun.com/kanji/kotoba/8e48.html / https://kanji.reader.bz/jukugo_2moji/%E8%B9%88 / https://yoji.jitenon.jp/kanji/%E8%B9%88/contain/,
蹈,踏,蹈鞴,踏鞴,オンライン辞書確認,B:辞書確認・自動候補,https://kakijun.com/kanji/kotoba/8e48.html / https://kanji.reader.bz/jukugo_2moji/%E8%B9%88 / https://yoji.jitenon.jp/kanji/%E8%B9%88/contain/,
蹈,踏,高蹈,高踏,オンライン辞書確認,B:辞書確認・自動候補,https://kakijun.com/kanji/kotoba/8e48.html / https://kanji.reader.bz/jukugo_2moji/%E8%B9%88 / https://yoji.jitenon.jp/kanji/%E8%B9%88/contain/,
蹈,踏,一蹈,一踏,オンライン辞書確認,B:辞書確認・自動候補,https://kakijun.com/kanji/kotoba/8e48.html / https://kanji.reader.bz/jukugo_2moji/%E8%B9%88 / https://yoji.jitenon.jp/kanji/%E8%B9%88/contain/,
蹈,踏,地蹈,地踏,オンライン辞書確認,B:辞書確認・自動候補,https://kakijun.com/kanji/kotoba/8e48.html / https://kanji.reader.bz/jukugo_2moji/%E8%B9%88 / https://yoji.jitenon.jp/kanji/%E8%B9%88/contain/,
蹈,踏,大蹈,大踏,オンライン辞書確認,B:辞書確認・自動候補,https://kakijun.com/kanji/kotoba/8e48.html / https://kanji.reader.bz/jukugo_2moji/%E8%B9%88 / https://yoji.jitenon.jp/kanji/%E8%B9%88/contain/,
蹈,踏,悶蹈,悶踏,オンライン辞書確認,B:辞書確認・自動候補,https://kakijun.com/kanji/kotoba/8e48.html / https://kanji.reader.bz/jukugo_2moji/%E8%B9%88 / https://yoji.jitenon.jp/kanji/%E8%B9%88/contain/,
蹈,踏,瀬蹈,瀬踏,オンライン辞書確認,B:辞書確認・自動候補,https://kakijun.com/kanji/kotoba/8e48.html / https://kanji.reader.bz/jukugo_2moji/%E8%B9%88 / https://yoji.jitenon.jp/kanji/%E8%B9%88/contain/,
蹈,踏,舞蹈,舞踏,オンライン辞書確認,B:辞書確認・自動候補,https://kakijun.com/kanji/kotoba/8e48.html / https://kanji.reader.bz/jukugo_2moji/%E8%B9%88 / https://yoji.jitenon.jp/kanji/%E8%B9%88/contain/,
蹈,踏,循規蹈矩,循規踏矩,オンライン辞書確認,B:辞書確認・自動候補,https://kakijun.com/kanji/kotoba/8e48.html / https://kanji.reader.bz/jukugo_2moji/%E8%B9%88 / https://yoji.jitenon.jp/kanji/%E8%B9%88/contain/,
蹈,踏,仲連蹈海,仲連踏海,オンライン辞書確認,B:辞書確認・自動候補,https://kakijun.com/kanji/kotoba/8e48.html / https://kanji.reader.bz/jukugo_2moji/%E8%B9%88 / https://yoji.jitenon.jp/kanji/%E8%B9%88/contain/,
蹈,踏,蹈常襲故,踏常襲故,オンライン辞書確認,B:辞書確認・自動候補,https://kakijun.com/kanji/kotoba/8e48.html / https://kanji.reader.bz/jukugo_2moji/%E8%B9%88 / https://yoji.jitenon.jp/kanji/%E8%B9%88/contain/,
蹈,踏,蹈節死義,踏節死義,オンライン辞書確認,B:辞書確認・自動候補,https://kakijun.com/kanji/kotoba/8e48.html / https://kanji.reader.bz/jukugo_2moji/%E8%B9%88 / https://yoji.jitenon.jp/kanji/%E8%B9%88/contain/,
蹈,踏,発揚蹈厲,発揚踏厲,オンライン辞書確認,B:辞書確認・自動候補,https://kakijun.com/kanji/kotoba/8e48.html / https://kanji.reader.bz/jukugo_2moji/%E8%B9%88 / https://yoji.jitenon.jp/kanji/%E8%B9%88/contain/,
蹈,踏,赴湯蹈火,赴湯踏火,オンライン辞書確認,B:辞書確認・自動候補,https://kakijun.com/kanji/kotoba/8e48.html / https://kanji.reader.bz/jukugo_2moji/%E8%B9%88 / https://yoji.jitenon.jp/kanji/%E8%B9%88/contain/,
叛,反,叛乱,反乱,PDF既出,A:PDF明示・自動復元候補,https://kakijun.com/kanji/kotoba/53db.html / https://kokugo.jitenon.jp/kanji/%E5%8F%9B/contain/,
叛,反,叛心,反心,オンライン辞書確認,B:辞書確認・自動候補,https://kakijun.com/kanji/kotoba/53db.html / https://kokugo.jitenon.jp/kanji/%E5%8F%9B/contain/,
叛,反,叛意,反意,オンライン辞書確認,B:辞書確認・自動候補,https://kakijun.com/kanji/kotoba/53db.html / https://kokugo.jitenon.jp/kanji/%E5%8F%9B/contain/,
叛,反,叛旗,反旗,PDF既出,A:PDF明示・自動復元候補,https://kakijun.com/kanji/kotoba/53db.html / https://kokugo.jitenon.jp/kanji/%E5%8F%9B/contain/,
叛,反,叛逆,反逆,PDF既出,A:PDF明示・自動復元候補,https://kakijun.com/kanji/kotoba/53db.html / https://kokugo.jitenon.jp/kanji/%E5%8F%9B/contain/,
叛,反,叛骨,反骨,オンライン辞書確認,B:辞書確認・自動候補,https://kakijun.com/kanji/kotoba/53db.html / https://kokugo.jitenon.jp/kanji/%E5%8F%9B/contain/,
叛,反,離叛,離反,PDF既出,A:PDF明示・自動復元候補,https://kakijun.com/kanji/kotoba/53db.html / https://kokugo.jitenon.jp/kanji/%E5%8F%9B/contain/,
叛,反,謀叛,謀反,オンライン辞書確認,B:辞書確認・自動候補,https://kakijun.com/kanji/kotoba/53db.html / https://kokugo.jitenon.jp/kanji/%E5%8F%9B/contain/,
叛,反,叛徒,反徒,オンライン辞書確認,B:辞書確認・自動候補,https://kakijun.com/kanji/kotoba/53db.html / https://kokugo.jitenon.jp/kanji/%E5%8F%9B/contain/,
叛,反,叛服,反服,オンライン辞書確認,B:辞書確認・自動候補,https://kakijun.com/kanji/kotoba/53db.html / https://kokugo.jitenon.jp/kanji/%E5%8F%9B/contain/,
叛,反,叛臣,反臣,オンライン辞書確認,B:辞書確認・自動候補,https://kakijun.com/kanji/kotoba/53db.html / https://kokugo.jitenon.jp/kanji/%E5%8F%9B/contain/,
叛,反,叛賊,反賊,オンライン辞書確認,B:辞書確認・自動候補,https://kakijun.com/kanji/kotoba/53db.html / https://kokugo.jitenon.jp/kanji/%E5%8F%9B/contain/,
叛,反,怨叛,怨反,オンライン辞書確認,B:辞書確認・自動候補,https://kakijun.com/kanji/kotoba/53db.html / https://kokugo.jitenon.jp/kanji/%E5%8F%9B/contain/,
叛,反,悖叛,悖反,オンライン辞書確認,B:辞書確認・自動候補,https://kakijun.com/kanji/kotoba/53db.html / https://kokugo.jitenon.jp/kanji/%E5%8F%9B/contain/,
叛,反,背叛,背反,オンライン辞書確認,B:辞書確認・自動候補,https://kakijun.com/kanji/kotoba/53db.html / https://kokugo.jitenon.jp/kanji/%E5%8F%9B/contain/,
叛,反,違叛,違反,オンライン辞書確認,B:辞書確認・自動候補,https://kakijun.com/kanji/kotoba/53db.html / https://kokugo.jitenon.jp/kanji/%E5%8F%9B/contain/,
篇,編,曩篇,曩編,オンライン辞書確認,B:辞書確認・文脈判定候補,https://kakijun.com/kanji/kotoba/7bc7.html / https://kanji.quus.net/jyukugo2725/ / https://yoji.jitenon.jp/kanji/%E7%AF%87/contain/,
篇,編,短篇,短編,PDF既出,A:PDF明示・自動復元候補,https://kakijun.com/kanji/kotoba/7bc7.html / https://kanji.quus.net/jyukugo2725/ / https://yoji.jitenon.jp/kanji/%E7%AF%87/contain/,
篇,編,篇什,編什,オンライン辞書確認,B:辞書確認・文脈判定候補,https://kakijun.com/kanji/kotoba/7bc7.html / https://kanji.quus.net/jyukugo2725/ / https://yoji.jitenon.jp/kanji/%E7%AF%87/contain/,
篇,編,篇帙,編帙,オンライン辞書確認,B:辞書確認・文脈判定候補,https://kakijun.com/kanji/kotoba/7bc7.html / https://kanji.quus.net/jyukugo2725/ / https://yoji.jitenon.jp/kanji/%E7%AF%87/contain/,
篇,編,篇次,編次,オンライン辞書確認,B:辞書確認・文脈判定候補,https://kakijun.com/kanji/kotoba/7bc7.html / https://kanji.quus.net/jyukugo2725/ / https://yoji.jitenon.jp/kanji/%E7%AF%87/contain/,
篇,編,篇目,編目,オンライン辞書確認,B:辞書確認・文脈判定候補,https://kakijun.com/kanji/kotoba/7bc7.html / https://kanji.quus.net/jyukugo2725/ / https://yoji.jitenon.jp/kanji/%E7%AF%87/contain/,
篇,編,篇章,編章,オンライン辞書確認,B:辞書確認・文脈判定候補,https://kakijun.com/kanji/kotoba/7bc7.html / https://kanji.quus.net/jyukugo2725/ / https://yoji.jitenon.jp/kanji/%E7%AF%87/contain/,
篇,編,長篇,長編,PDF既出,A:PDF明示・自動復元候補,https://kakijun.com/kanji/kotoba/7bc7.html / https://kanji.quus.net/jyukugo2725/ / https://yoji.jitenon.jp/kanji/%E7%AF%87/contain/,
篇,編,詩篇,詩編,オンライン辞書確認,B:辞書確認・文脈判定候補,https://kakijun.com/kanji/kotoba/7bc7.html / https://kanji.quus.net/jyukugo2725/ / https://yoji.jitenon.jp/kanji/%E7%AF%87/contain/,
篇,編,常篇,常編,オンライン辞書確認,B:辞書確認・文脈判定候補,https://kakijun.com/kanji/kotoba/7bc7.html / https://kanji.quus.net/jyukugo2725/ / https://yoji.jitenon.jp/kanji/%E7%AF%87/contain/,
篇,編,断篇,断編,オンライン辞書確認,B:辞書確認・文脈判定候補,https://kakijun.com/kanji/kotoba/7bc7.html / https://kanji.quus.net/jyukugo2725/ / https://yoji.jitenon.jp/kanji/%E7%AF%87/contain/,
篇,編,佳篇,佳編,オンライン辞書確認,B:辞書確認・文脈判定候補,https://kakijun.com/kanji/kotoba/7bc7.html / https://kanji.quus.net/jyukugo2725/ / https://yoji.jitenon.jp/kanji/%E7%AF%87/contain/,
篇,編,好篇,好編,オンライン辞書確認,B:辞書確認・文脈判定候補,https://kakijun.com/kanji/kotoba/7bc7.html / https://kanji.quus.net/jyukugo2725/ / https://yoji.jitenon.jp/kanji/%E7%AF%87/contain/,
篇,編,玉篇,玉編,オンライン辞書確認,C:固有名・特殊語注意,https://kakijun.com/kanji/kotoba/7bc7.html / https://kanji.quus.net/jyukugo2725/ / https://yoji.jitenon.jp/kanji/%E7%AF%87/contain/,
篇,編,遺篇,遺編,オンライン辞書確認,B:辞書確認・文脈判定候補,https://kakijun.com/kanji/kotoba/7bc7.html / https://kanji.quus.net/jyukugo2725/ / https://yoji.jitenon.jp/kanji/%E7%AF%87/contain/,
篇,編,一篇,一編,オンライン辞書確認,B:辞書確認・文脈判定候補,https://kakijun.com/kanji/kotoba/7bc7.html / https://kanji.quus.net/jyukugo2725/ / https://yoji.jitenon.jp/kanji/%E7%AF%87/contain/,
篇,編,同篇,同編,オンライン辞書確認,B:辞書確認・文脈判定候補,https://kakijun.com/kanji/kotoba/7bc7.html / https://kanji.quus.net/jyukugo2725/ / https://yoji.jitenon.jp/kanji/%E7%AF%87/contain/,
篇,編,一斗百篇,一斗百編,オンライン辞書確認,B:辞書確認・文脈判定候補,https://kakijun.com/kanji/kotoba/7bc7.html / https://kanji.quus.net/jyukugo2725/ / https://yoji.jitenon.jp/kanji/%E7%AF%87/contain/,
篇,編,千篇一律,千編一律,オンライン辞書確認,B:辞書確認・文脈判定候補,https://kakijun.com/kanji/kotoba/7bc7.html / https://kanji.quus.net/jyukugo2725/ / https://yoji.jitenon.jp/kanji/%E7%AF%87/contain/,
篇,編,斗酒百篇,斗酒百編,オンライン辞書確認,B:辞書確認・文脈判定候補,https://kakijun.com/kanji/kotoba/7bc7.html / https://kanji.quus.net/jyukugo2725/ / https://yoji.jitenon.jp/kanji/%E7%AF%87/contain/,
輔,補,大輔,大補,オンライン辞書確認,C:固有名・特殊語注意,https://kakijun.com/kanji/kotoba/8f14.html / https://yoji.jitenon.jp/kanji/%E8%BC%94/contain/,大輔・少輔など官職/名乗りは補へ機械変換しない。輔佐/輔導などを中心に扱う。
輔,補,少輔,少補,オンライン辞書確認,C:固有名・特殊語注意,https://kakijun.com/kanji/kotoba/8f14.html / https://yoji.jitenon.jp/kanji/%E8%BC%94/contain/,大輔・少輔など官職/名乗りは補へ機械変換しない。輔佐/輔導などを中心に扱う。
輔,補,輔佐,補佐,PDF既出,A:PDF明示・自動復元候補,https://kakijun.com/kanji/kotoba/8f14.html / https://yoji.jitenon.jp/kanji/%E8%BC%94/contain/,大輔・少輔など官職/名乗りは補へ機械変換しない。輔佐/輔導などを中心に扱う。
輔,補,輔導,補導,PDF既出,A:PDF明示・自動復元候補,https://kakijun.com/kanji/kotoba/8f14.html / https://yoji.jitenon.jp/kanji/%E8%BC%94/contain/,大輔・少輔など官職/名乗りは補へ機械変換しない。輔佐/輔導などを中心に扱う。
輔,補,輔弼,補弼,オンライン辞書確認,B:辞書確認・文脈判定候補,https://kakijun.com/kanji/kotoba/8f14.html / https://yoji.jitenon.jp/kanji/%E8%BC%94/contain/,大輔・少輔など官職/名乗りは補へ機械変換しない。輔佐/輔導などを中心に扱う。
輔,補,輔相,補相,オンライン辞書確認,B:辞書確認・文脈判定候補,https://kakijun.com/kanji/kotoba/8f14.html / https://yoji.jitenon.jp/kanji/%E8%BC%94/contain/,大輔・少輔など官職/名乗りは補へ機械変換しない。輔佐/輔導などを中心に扱う。
輔,補,輔翼,補翼,オンライン辞書確認,B:辞書確認・文脈判定候補,https://kakijun.com/kanji/kotoba/8f14.html / https://yoji.jitenon.jp/kanji/%E8%BC%94/contain/,大輔・少輔など官職/名乗りは補へ機械変換しない。輔佐/輔導などを中心に扱う。
輔,補,輔車,補車,オンライン辞書確認,B:辞書確認・文脈判定候補,https://kakijun.com/kanji/kotoba/8f14.html / https://yoji.jitenon.jp/kanji/%E8%BC%94/contain/,大輔・少輔など官職/名乗りは補へ機械変換しない。輔佐/輔導などを中心に扱う。
輔,補,唇歯輔車,唇歯補車,オンライン辞書確認,B:辞書確認・文脈判定候補,https://kakijun.com/kanji/kotoba/8f14.html / https://yoji.jitenon.jp/kanji/%E8%BC%94/contain/,大輔・少輔など官職/名乗りは補へ機械変換しない。輔佐/輔導などを中心に扱う。
輔,補,覇王之輔,覇王之補,オンライン辞書確認,B:辞書確認・文脈判定候補,https://kakijun.com/kanji/kotoba/8f14.html / https://yoji.jitenon.jp/kanji/%E8%BC%94/contain/,大輔・少輔など官職/名乗りは補へ機械変換しない。輔佐/輔導などを中心に扱う。
輔,補,輔車唇歯,補車唇歯,オンライン辞書確認,B:辞書確認・文脈判定候補,https://kakijun.com/kanji/kotoba/8f14.html / https://yoji.jitenon.jp/kanji/%E8%BC%94/contain/,大輔・少輔など官職/名乗りは補へ機械変換しない。輔佐/輔導などを中心に扱う。
輔,補,輔車相依,補車相依,オンライン辞書確認,B:辞書確認・文脈判定候補,https://kakijun.com/kanji/kotoba/8f14.html / https://yoji.jitenon.jp/kanji/%E8%BC%94/contain/,大輔・少輔など官職/名乗りは補へ機械変換しない。輔佐/輔導などを中心に扱う。
歿,没,戦歿,戦没,PDF既出,A:PDF明示・自動復元候補,https://kakijun.com/kanji/kotoba/6b7f.html / https://kokugo.jitenon.jp/kanji/%E6%AD%BF/contain/,
歿,没,死歿,死没,PDF既出,A:PDF明示・自動復元候補,https://kakijun.com/kanji/kotoba/6b7f.html / https://kokugo.jitenon.jp/kanji/%E6%AD%BF/contain/,
歿,没,歿年,没年,オンライン辞書確認,B:辞書確認・自動候補,https://kakijun.com/kanji/kotoba/6b7f.html / https://kokugo.jitenon.jp/kanji/%E6%AD%BF/contain/,
歿,没,病歿,病没,PDF既出,A:PDF明示・自動復元候補,https://kakijun.com/kanji/kotoba/6b7f.html / https://kokugo.jitenon.jp/kanji/%E6%AD%BF/contain/,
歿,没,陣歿,陣没,オンライン辞書確認,B:辞書確認・自動候補,https://kakijun.com/kanji/kotoba/6b7f.html / https://kokugo.jitenon.jp/kanji/%E6%AD%BF/contain/,
歿,没,生歿,生没,オンライン辞書確認,B:辞書確認・自動候補,https://kakijun.com/kanji/kotoba/6b7f.html / https://kokugo.jitenon.jp/kanji/%E6%AD%BF/contain/,
歿,没,歿後,没後,オンライン辞書確認,B:辞書確認・自動候補,https://kakijun.com/kanji/kotoba/6b7f.html / https://kokugo.jitenon.jp/kanji/%E6%AD%BF/contain/,
歿,没,歿前,没前,オンライン辞書確認,B:辞書確認・自動候補,https://kakijun.com/kanji/kotoba/6b7f.html / https://kokugo.jitenon.jp/kanji/%E6%AD%BF/contain/,
摸,模,掏摸,掏模,オンライン辞書確認,B:辞書確認・文脈判定候補,https://kakijun.com/c/6478.html / https://kanji.quus.net/jyukugo3427/ / https://yoji.jitenon.jp/kanji/%E6%91%B8/contain/,
摸,模,摸倣,模倣,オンライン辞書確認,B:辞書確認・文脈判定候補,https://kakijun.com/c/6478.html / https://kanji.quus.net/jyukugo3427/ / https://yoji.jitenon.jp/kanji/%E6%91%B8/contain/,
摸,模,摸写,模写,オンライン辞書確認,B:辞書確認・文脈判定候補,https://kakijun.com/c/6478.html / https://kanji.quus.net/jyukugo3427/ / https://yoji.jitenon.jp/kanji/%E6%91%B8/contain/,
摸,模,摸擬,模擬,オンライン辞書確認,B:辞書確認・文脈判定候補,https://kakijun.com/c/6478.html / https://kanji.quus.net/jyukugo3427/ / https://yoji.jitenon.jp/kanji/%E6%91%B8/contain/,
摸,模,摸本,模本,オンライン辞書確認,B:辞書確認・文脈判定候補,https://kakijun.com/c/6478.html / https://kanji.quus.net/jyukugo3427/ / https://yoji.jitenon.jp/kanji/%E6%91%B8/contain/,
摸,模,摸索,模索,PDF既出,A:PDF明示・自動復元候補,https://kakijun.com/c/6478.html / https://kanji.quus.net/jyukugo3427/ / https://yoji.jitenon.jp/kanji/%E6%91%B8/contain/,
摸,模,摸造,模造,オンライン辞書確認,B:辞書確認・文脈判定候補,https://kakijun.com/c/6478.html / https://kanji.quus.net/jyukugo3427/ / https://yoji.jitenon.jp/kanji/%E6%91%B8/contain/,
摸,模,摸範,模範,オンライン辞書確認,B:辞書確認・文脈判定候補,https://kakijun.com/c/6478.html / https://kanji.quus.net/jyukugo3427/ / https://yoji.jitenon.jp/kanji/%E6%91%B8/contain/,
摸,模,摸作,模作,オンライン辞書確認,B:辞書確認・文脈判定候補,https://kakijun.com/c/6478.html / https://kanji.quus.net/jyukugo3427/ / https://yoji.jitenon.jp/kanji/%E6%91%B8/contain/,
摸,模,摸様,模様,オンライン辞書確認,B:辞書確認・文脈判定候補,https://kakijun.com/c/6478.html / https://kanji.quus.net/jyukugo3427/ / https://yoji.jitenon.jp/kanji/%E6%91%B8/contain/,
摸,模,臨摸,臨模,オンライン辞書確認,B:辞書確認・文脈判定候補,https://kakijun.com/c/6478.html / https://kanji.quus.net/jyukugo3427/ / https://yoji.jitenon.jp/kanji/%E6%91%B8/contain/,
摸,模,暗中摸索,暗中模索,オンライン辞書確認,B:辞書確認・文脈判定候補,https://kakijun.com/c/6478.html / https://kanji.quus.net/jyukugo3427/ / https://yoji.jitenon.jp/kanji/%E6%91%B8/contain/,
摸,模,細心臨摸,細心臨模,オンライン辞書確認,B:辞書確認・文脈判定候補,https://kakijun.com/c/6478.html / https://kanji.quus.net/jyukugo3427/ / https://yoji.jitenon.jp/kanji/%E6%91%B8/contain/,
摸,模,混水摸魚,混水模魚,オンライン辞書確認,B:辞書確認・文脈判定候補,https://kakijun.com/c/6478.html / https://kanji.quus.net/jyukugo3427/ / https://yoji.jitenon.jp/kanji/%E6%91%B8/contain/,
熔,溶,熔解,溶解,PDF既出,A:PDF明示・自動復元候補,https://kakijun.com/kanji/kotoba/7194.html / https://kanji.quus.net/jyukugo4880/ / https://kanji.reader.bz/jukugo_2moji/%E7%86%94,
熔,溶,熔岩,溶岩,PDF既出,A:PDF明示・自動復元候補,https://kakijun.com/kanji/kotoba/7194.html / https://kanji.quus.net/jyukugo4880/ / https://kanji.reader.bz/jukugo_2moji/%E7%86%94,
熔,溶,熔接,溶接,PDF既出,A:PDF明示・自動復元候補,https://kakijun.com/kanji/kotoba/7194.html / https://kanji.quus.net/jyukugo4880/ / https://kanji.reader.bz/jukugo_2moji/%E7%86%94,
熔,溶,熔鋳,溶鋳,オンライン辞書確認,B:辞書確認・自動候補,https://kakijun.com/kanji/kotoba/7194.html / https://kanji.quus.net/jyukugo4880/ / https://kanji.reader.bz/jukugo_2moji/%E7%86%94,
熔,溶,熔笵,溶笵,オンライン辞書確認,B:辞書確認・自動候補,https://kakijun.com/kanji/kotoba/7194.html / https://kanji.quus.net/jyukugo4880/ / https://kanji.reader.bz/jukugo_2moji/%E7%86%94,
熔,溶,熔冶,溶冶,オンライン辞書確認,B:辞書確認・自動候補,https://kakijun.com/kanji/kotoba/7194.html / https://kanji.quus.net/jyukugo4880/ / https://kanji.reader.bz/jukugo_2moji/%E7%86%94,
熔,溶,熔鉱炉,溶鉱炉,オンライン辞書確認,B:辞書確認・自動候補,https://kakijun.com/kanji/kotoba/7194.html / https://kanji.quus.net/jyukugo4880/ / https://kanji.reader.bz/jukugo_2moji/%E7%86%94,
熔,溶,熔化,溶化,オンライン辞書確認,B:辞書確認・自動候補,https://kakijun.com/kanji/kotoba/7194.html / https://kanji.quus.net/jyukugo4880/ / https://kanji.reader.bz/jukugo_2moji/%E7%86%94,
熔,溶,熔銑,溶銑,オンライン辞書確認,B:辞書確認・自動候補,https://kakijun.com/kanji/kotoba/7194.html / https://kanji.quus.net/jyukugo4880/ / https://kanji.reader.bz/jukugo_2moji/%E7%86%94,
熔,溶,熔融,溶融,オンライン辞書確認,B:辞書確認・自動候補,https://kakijun.com/kanji/kotoba/7194.html / https://kanji.quus.net/jyukugo4880/ / https://kanji.reader.bz/jukugo_2moji/%E7%86%94,
熔,溶,熔滓,溶滓,オンライン辞書確認,B:辞書確認・自動候補,https://kakijun.com/kanji/kotoba/7194.html / https://kanji.quus.net/jyukugo4880/ / https://kanji.reader.bz/jukugo_2moji/%E7%86%94,
熔,溶,熔炉,溶炉,オンライン辞書確認,B:辞書確認・自動候補,https://kakijun.com/kanji/kotoba/7194.html / https://kanji.quus.net/jyukugo4880/ / https://kanji.reader.bz/jukugo_2moji/%E7%86%94,
熔,溶,熔熱,溶熱,オンライン辞書確認,B:辞書確認・自動候補,https://kakijun.com/kanji/kotoba/7194.html / https://kanji.quus.net/jyukugo4880/ / https://kanji.reader.bz/jukugo_2moji/%E7%86%94,
熔,溶,熔和,溶和,オンライン辞書確認,B:辞書確認・自動候補,https://kakijun.com/kanji/kotoba/7194.html / https://kanji.quus.net/jyukugo4880/ / https://kanji.reader.bz/jukugo_2moji/%E7%86%94,
鎔,溶,鎔冶,溶冶,オンライン辞書確認,B:辞書確認・自動候補,https://kotobank.jp/word/%E9%8E%94-2790950 / https://kanji.quus.net/jyukugo6569/,
鎔,溶,鎔化,溶化,オンライン辞書確認,B:辞書確認・自動候補,https://kotobank.jp/word/%E9%8E%94-2790950 / https://kanji.quus.net/jyukugo6569/,
鎔,溶,鎔解,溶解,オンライン辞書確認,B:辞書確認・自動候補,https://kotobank.jp/word/%E9%8E%94-2790950 / https://kanji.quus.net/jyukugo6569/,
鎔,溶,鎔笵,溶笵,オンライン辞書確認,B:辞書確認・自動候補,https://kotobank.jp/word/%E9%8E%94-2790950 / https://kanji.quus.net/jyukugo6569/,
鎔,溶,鎔鉱炉,溶鉱炉,PDF既出,A:PDF明示・自動復元候補,https://kotobank.jp/word/%E9%8E%94-2790950 / https://kanji.quus.net/jyukugo6569/,
鎔,溶,鎔造,溶造,オンライン辞書確認,B:辞書確認・自動候補,https://kotobank.jp/word/%E9%8E%94-2790950 / https://kanji.quus.net/jyukugo6569/,
鎔,溶,鎔鋳,溶鋳,オンライン辞書確認,B:辞書確認・自動候補,https://kotobank.jp/word/%E9%8E%94-2790950 / https://kanji.quus.net/jyukugo6569/,
鎔,溶,鎔点,溶点,オンライン辞書確認,B:辞書確認・自動候補,https://kotobank.jp/word/%E9%8E%94-2790950 / https://kanji.quus.net/jyukugo6569/,
鎔,溶,鎔範,溶範,オンライン辞書確認,B:辞書確認・自動候補,https://kotobank.jp/word/%E9%8E%94-2790950 / https://kanji.quus.net/jyukugo6569/,
鎔,溶,鎔融,溶融,オンライン辞書確認,B:辞書確認・自動候補,https://kotobank.jp/word/%E9%8E%94-2790950 / https://kanji.quus.net/jyukugo6569/,
鎔,溶,鎔炉,溶炉,オンライン辞書確認,B:辞書確認・自動候補,https://kotobank.jp/word/%E9%8E%94-2790950 / https://kanji.quus.net/jyukugo6569/,
鎔,溶,鎔和,溶和,オンライン辞書確認,B:辞書確認・自動候補,https://kotobank.jp/word/%E9%8E%94-2790950 / https://kanji.quus.net/jyukugo6569/,
慾,欲,愛慾,愛欲,PDF既出,A:PDF明示・自動復元候補,https://kanji.quus.net/jyukugo4200/ / https://kokugo.jitenon.jp/kanji/%E6%85%BE/contain/ / https://kanji.reader.bz/jukugo_2moji/%E6%85%BE,
慾,欲,強慾,強欲,PDF既出,A:PDF明示・自動復元候補,https://kanji.quus.net/jyukugo4200/ / https://kokugo.jitenon.jp/kanji/%E6%85%BE/contain/ / https://kanji.reader.bz/jukugo_2moji/%E6%85%BE,
慾,欲,性慾,性欲,PDF既出,A:PDF明示・自動復元候補,https://kanji.quus.net/jyukugo4200/ / https://kokugo.jitenon.jp/kanji/%E6%85%BE/contain/ / https://kanji.reader.bz/jukugo_2moji/%E6%85%BE,
慾,欲,大慾,大欲,PDF既出,A:PDF明示・自動復元候補,https://kanji.quus.net/jyukugo4200/ / https://kokugo.jitenon.jp/kanji/%E6%85%BE/contain/ / https://kanji.reader.bz/jukugo_2moji/%E6%85%BE,
慾,欲,色慾,色欲,PDF既出,A:PDF明示・自動復元候補,https://kanji.quus.net/jyukugo4200/ / https://kokugo.jitenon.jp/kanji/%E6%85%BE/contain/ / https://kanji.reader.bz/jukugo_2moji/%E6%85%BE,
慾,欲,食慾,食欲,PDF既出,A:PDF明示・自動復元候補,https://kanji.quus.net/jyukugo4200/ / https://kokugo.jitenon.jp/kanji/%E6%85%BE/contain/ / https://kanji.reader.bz/jukugo_2moji/%E6%85%BE,
慾,欲,無慾,無欲,PDF既出,A:PDF明示・自動復元候補,https://kanji.quus.net/jyukugo4200/ / https://kokugo.jitenon.jp/kanji/%E6%85%BE/contain/ / https://kanji.reader.bz/jukugo_2moji/%E6%85%BE,
慾,欲,物慾,物欲,PDF既出,A:PDF明示・自動復元候補,https://kanji.quus.net/jyukugo4200/ / https://kokugo.jitenon.jp/kanji/%E6%85%BE/contain/ / https://kanji.reader.bz/jukugo_2moji/%E6%85%BE,
慾,欲,名誉慾,名誉欲,PDF既出,A:PDF明示・自動復元候補,https://kanji.quus.net/jyukugo4200/ / https://kokugo.jitenon.jp/kanji/%E6%85%BE/contain/ / https://kanji.reader.bz/jukugo_2moji/%E6%85%BE,
慾,欲,意慾,意欲,オンライン辞書確認,B:辞書確認・自動候補,https://kanji.quus.net/jyukugo4200/ / https://kokugo.jitenon.jp/kanji/%E6%85%BE/contain/ / https://kanji.reader.bz/jukugo_2moji/%E6%85%BE,
慾,欲,慾望,欲望,オンライン辞書確認,B:辞書確認・自動候補,https://kanji.quus.net/jyukugo4200/ / https://kokugo.jitenon.jp/kanji/%E6%85%BE/contain/ / https://kanji.reader.bz/jukugo_2moji/%E6%85%BE,
慾,欲,利慾,利欲,オンライン辞書確認,B:辞書確認・自動候補,https://kanji.quus.net/jyukugo4200/ / https://kokugo.jitenon.jp/kanji/%E6%85%BE/contain/ / https://kanji.reader.bz/jukugo_2moji/%E6%85%BE,
慾,欲,六慾,六欲,オンライン辞書確認,B:辞書確認・自動候補,https://kanji.quus.net/jyukugo4200/ / https://kokugo.jitenon.jp/kanji/%E6%85%BE/contain/ / https://kanji.reader.bz/jukugo_2moji/%E6%85%BE,
慾,欲,慾求,欲求,オンライン辞書確認,B:辞書確認・自動候補,https://kanji.quus.net/jyukugo4200/ / https://kokugo.jitenon.jp/kanji/%E6%85%BE/contain/ / https://kanji.reader.bz/jukugo_2moji/%E6%85%BE,
慾,欲,慾深,欲深,オンライン辞書確認,B:辞書確認・自動候補,https://kanji.quus.net/jyukugo4200/ / https://kokugo.jitenon.jp/kanji/%E6%85%BE/contain/ / https://kanji.reader.bz/jukugo_2moji/%E6%85%BE,
慾,欲,慾炎,欲炎,オンライン辞書確認,B:辞書確認・自動候補,https://kanji.quus.net/jyukugo4200/ / https://kokugo.jitenon.jp/kanji/%E6%85%BE/contain/ / https://kanji.reader.bz/jukugo_2moji/%E6%85%BE,
慾,欲,我慾,我欲,オンライン辞書確認,B:辞書確認・自動候補,https://kanji.quus.net/jyukugo4200/ / https://kokugo.jitenon.jp/kanji/%E6%85%BE/contain/ / https://kanji.reader.bz/jukugo_2moji/%E6%85%BE,
慾,欲,禁慾,禁欲,オンライン辞書確認,B:辞書確認・自動候補,https://kanji.quus.net/jyukugo4200/ / https://kokugo.jitenon.jp/kanji/%E6%85%BE/contain/ / https://kanji.reader.bz/jukugo_2moji/%E6%85%BE,
慾,欲,私慾,私欲,オンライン辞書確認,B:辞書確認・自動候補,https://kanji.quus.net/jyukugo4200/ / https://kokugo.jitenon.jp/kanji/%E6%85%BE/contain/ / https://kanji.reader.bz/jukugo_2moji/%E6%85%BE,
慾,欲,情慾,情欲,オンライン辞書確認,B:辞書確認・自動候補,https://kanji.quus.net/jyukugo4200/ / https://kokugo.jitenon.jp/kanji/%E6%85%BE/contain/ / https://kanji.reader.bz/jukugo_2moji/%E6%85%BE,
慾,欲,制慾,制欲,オンライン辞書確認,B:辞書確認・自動候補,https://kanji.quus.net/jyukugo4200/ / https://kokugo.jitenon.jp/kanji/%E6%85%BE/contain/ / https://kanji.reader.bz/jukugo_2moji/%E6%85%BE,
慾,欲,肉慾,肉欲,オンライン辞書確認,B:辞書確認・自動候補,https://kanji.quus.net/jyukugo4200/ / https://kokugo.jitenon.jp/kanji/%E6%85%BE/contain/ / https://kanji.reader.bz/jukugo_2moji/%E6%85%BE,
慾,欲,胴慾,胴欲,オンライン辞書確認,B:辞書確認・自動候補,https://kanji.quus.net/jyukugo4200/ / https://kokugo.jitenon.jp/kanji/%E6%85%BE/contain/ / https://kanji.reader.bz/jukugo_2moji/%E6%85%BE,
慾,欲,貪慾,貪欲,オンライン辞書確認,B:辞書確認・自動候補,https://kanji.quus.net/jyukugo4200/ / https://kokugo.jitenon.jp/kanji/%E6%85%BE/contain/ / https://kanji.reader.bz/jukugo_2moji/%E6%85%BE,
慾,欲,慾得,欲得,オンライン辞書確認,B:辞書確認・自動候補,https://kanji.quus.net/jyukugo4200/ / https://kokugo.jitenon.jp/kanji/%E6%85%BE/contain/ / https://kanji.reader.bz/jukugo_2moji/%E6%85%BE,
慾,欲,慾心,欲心,オンライン辞書確認,B:辞書確認・自動候補,https://kanji.quus.net/jyukugo4200/ / https://kokugo.jitenon.jp/kanji/%E6%85%BE/contain/ / https://kanji.reader.bz/jukugo_2moji/%E6%85%BE,
慾,欲,慾念,欲念,オンライン辞書確認,B:辞書確認・自動候補,https://kanji.quus.net/jyukugo4200/ / https://kokugo.jitenon.jp/kanji/%E6%85%BE/contain/ / https://kanji.reader.bz/jukugo_2moji/%E6%85%BE,
慾,欲,慾情,欲情,オンライン辞書確認,B:辞書確認・自動候補,https://kanji.quus.net/jyukugo4200/ / https://kokugo.jitenon.jp/kanji/%E6%85%BE/contain/ / https://kanji.reader.bz/jukugo_2moji/%E6%85%BE,
掠,略,侵掠,侵略,PDF既出,A:PDF明示・自動復元候補,https://kakijun.com/kanji/kotoba/63a0.html / https://kokugo.jitenon.jp/kanji/%E6%8E%A0/contain/ / https://www.kanjipedia.jp/kanji/0007113900,
掠,略,奪掠,奪略,PDF既出,A:PDF明示・自動復元候補,https://kakijun.com/kanji/kotoba/63a0.html / https://kokugo.jitenon.jp/kanji/%E6%8E%A0/contain/ / https://www.kanjipedia.jp/kanji/0007113900,
掠,略,剽掠,剽略,オンライン辞書確認,B:辞書確認・文脈判定候補,https://kakijun.com/kanji/kotoba/63a0.html / https://kokugo.jitenon.jp/kanji/%E6%8E%A0/contain/ / https://www.kanjipedia.jp/kanji/0007113900,
掠,略,劫掠,劫略,オンライン辞書確認,B:辞書確認・文脈判定候補,https://kakijun.com/kanji/kotoba/63a0.html / https://kokugo.jitenon.jp/kanji/%E6%8E%A0/contain/ / https://www.kanjipedia.jp/kanji/0007113900,
掠,略,抄掠,抄略,オンライン辞書確認,B:辞書確認・文脈判定候補,https://kakijun.com/kanji/kotoba/63a0.html / https://kokugo.jitenon.jp/kanji/%E6%8E%A0/contain/ / https://www.kanjipedia.jp/kanji/0007113900,
掠,略,掠奪,略奪,PDF既出,A:PDF明示・自動復元候補,https://kakijun.com/kanji/kotoba/63a0.html / https://kokugo.jitenon.jp/kanji/%E6%8E%A0/contain/ / https://www.kanjipedia.jp/kanji/0007113900,
掠,略,暴掠,暴略,オンライン辞書確認,B:辞書確認・文脈判定候補,https://kakijun.com/kanji/kotoba/63a0.html / https://kokugo.jitenon.jp/kanji/%E6%8E%A0/contain/ / https://www.kanjipedia.jp/kanji/0007113900,
掠,略,鹵掠,鹵略,オンライン辞書確認,B:辞書確認・文脈判定候補,https://kakijun.com/kanji/kotoba/63a0.html / https://kokugo.jitenon.jp/kanji/%E6%8E%A0/contain/ / https://www.kanjipedia.jp/kanji/0007113900,
掠,略,寇掠,寇略,オンライン辞書確認,B:辞書確認・文脈判定候補,https://kakijun.com/kanji/kotoba/63a0.html / https://kokugo.jitenon.jp/kanji/%E6%8E%A0/contain/ / https://www.kanjipedia.jp/kanji/0007113900,
掠,略,笞掠,笞略,オンライン辞書確認,B:辞書確認・文脈判定候補,https://kakijun.com/kanji/kotoba/63a0.html / https://kokugo.jitenon.jp/kanji/%E6%8E%A0/contain/ / https://www.kanjipedia.jp/kanji/0007113900,
諒,了,諒察,了察,オンライン辞書確認,B:辞書確認・文脈判定候補,https://kakijun.com/kanji/kotoba/8ad2.html / https://kokugo.jitenon.jp/kanji/%E8%AB%92/contain/,諒→了は「諒解→了解」系以外に不自然な候補が出るため要ホワイトリスト。
諒,了,諒恕,了恕,オンライン辞書確認,B:辞書確認・文脈判定候補,https://kakijun.com/kanji/kotoba/8ad2.html / https://kokugo.jitenon.jp/kanji/%E8%AB%92/contain/,諒→了は「諒解→了解」系以外に不自然な候補が出るため要ホワイトリスト。
諒,了,諒承,了承,PDF既出,A:PDF明示・自動復元候補,https://kakijun.com/kanji/kotoba/8ad2.html / https://kokugo.jitenon.jp/kanji/%E8%AB%92/contain/,諒→了は「諒解→了解」系以外に不自然な候補が出るため要ホワイトリスト。
諒,了,諒解,了解,PDF既出,A:PDF明示・自動復元候補,https://kakijun.com/kanji/kotoba/8ad2.html / https://kokugo.jitenon.jp/kanji/%E8%AB%92/contain/,諒→了は「諒解→了解」系以外に不自然な候補が出るため要ホワイトリスト。
諒,了,諒闇,了闇,オンライン辞書確認,B:辞書確認・文脈判定候補,https://kakijun.com/kanji/kotoba/8ad2.html / https://kokugo.jitenon.jp/kanji/%E8%AB%92/contain/,諒→了は「諒解→了解」系以外に不自然な候補が出るため要ホワイトリスト。
諒,了,憫諒,憫了,オンライン辞書確認,B:辞書確認・文脈判定候補,https://kakijun.com/kanji/kotoba/8ad2.html / https://kokugo.jitenon.jp/kanji/%E8%AB%92/contain/,諒→了は「諒解→了解」系以外に不自然な候補が出るため要ホワイトリスト。
諒,了,諒する,了する,オンライン辞書確認,B:辞書確認・文脈判定候補,https://kakijun.com/kanji/kotoba/8ad2.html / https://kokugo.jitenon.jp/kanji/%E8%AB%92/contain/,諒→了は「諒解→了解」系以外に不自然な候補が出るため要ホワイトリスト。
諒,了,剛毅直諒,剛毅直了,オンライン辞書確認,B:辞書確認・文脈判定候補,https://kakijun.com/kanji/kotoba/8ad2.html / https://kokugo.jitenon.jp/kanji/%E8%AB%92/contain/,諒→了は「諒解→了解」系以外に不自然な候補が出るため要ホワイトリスト。
輛,両,車輛,車両,オンライン辞書確認,B:辞書確認・自動候補,https://kanji.reader.bz/jukugo_2moji/%E8%BC%9B,
輛,両,一輛,一両,オンライン辞書確認,B:辞書確認・自動候補,https://kanji.reader.bz/jukugo_2moji/%E8%BC%9B,
輛,両,二輛,二両,オンライン辞書確認,B:辞書確認・自動候補,https://kanji.reader.bz/jukugo_2moji/%E8%BC%9B,
輛,両,余輛,余両,オンライン辞書確認,B:辞書確認・自動候補,https://kanji.reader.bz/jukugo_2moji/%E8%BC%9B,
輛,両,幾輛,幾両,オンライン辞書確認,B:辞書確認・自動候補,https://kanji.reader.bz/jukugo_2moji/%E8%BC%9B,
輛,両,艘輛,艘両,オンライン辞書確認,B:辞書確認・自動候補,https://kanji.reader.bz/jukugo_2moji/%E8%BC%9B,
聯,連,聯合,連合,PDF既出,A:PDF明示・自動復元候補,https://kakijun.com/kanji/kotoba/806f.html / https://kokugo.jitenon.jp/kanji/%E8%81%AF/contain/,
聯,連,聯盟,連盟,PDF既出,A:PDF明示・自動復元候補,https://kakijun.com/kanji/kotoba/806f.html / https://kokugo.jitenon.jp/kanji/%E8%81%AF/contain/,
聯,連,聯結,連結,オンライン辞書確認,B:辞書確認・文脈判定候補,https://kakijun.com/kanji/kotoba/806f.html / https://kokugo.jitenon.jp/kanji/%E8%81%AF/contain/,
聯,連,一聯,一連,オンライン辞書確認,B:辞書確認・文脈判定候補,https://kakijun.com/kanji/kotoba/806f.html / https://kokugo.jitenon.jp/kanji/%E8%81%AF/contain/,
聯,連,聯繋,連繋,オンライン辞書確認,B:辞書確認・文脈判定候補,https://kakijun.com/kanji/kotoba/806f.html / https://kokugo.jitenon.jp/kanji/%E8%81%AF/contain/,
聯,連,聯亙,連亙,オンライン辞書確認,B:辞書確認・文脈判定候補,https://kakijun.com/kanji/kotoba/806f.html / https://kokugo.jitenon.jp/kanji/%E8%81%AF/contain/,
聯,連,聯絡,連絡,PDF既出,A:PDF明示・自動復元候補,https://kakijun.com/kanji/kotoba/806f.html / https://kokugo.jitenon.jp/kanji/%E8%81%AF/contain/,
聯,連,聯袂,連袂,オンライン辞書確認,B:辞書確認・文脈判定候補,https://kakijun.com/kanji/kotoba/806f.html / https://kokugo.jitenon.jp/kanji/%E8%81%AF/contain/,
聯,連,対聯,対連,オンライン辞書確認,B:辞書確認・文脈判定候補,https://kakijun.com/kanji/kotoba/806f.html / https://kokugo.jitenon.jp/kanji/%E8%81%AF/contain/,
聯,連,柱聯,柱連,オンライン辞書確認,B:辞書確認・文脈判定候補,https://kakijun.com/kanji/kotoba/806f.html / https://kokugo.jitenon.jp/kanji/%E8%81%AF/contain/,
聯,連,聯句,連句,オンライン辞書確認,B:辞書確認・文脈判定候補,https://kakijun.com/kanji/kotoba/806f.html / https://kokugo.jitenon.jp/kanji/%E8%81%AF/contain/,
聯,連,聯想,連想,PDF既出,A:PDF明示・自動復元候補,https://kakijun.com/kanji/kotoba/806f.html / https://kokugo.jitenon.jp/kanji/%E8%81%AF/contain/,
聯,連,聯珠,連珠,PDF既出,A:PDF明示・自動復元候補,https://kakijun.com/kanji/kotoba/806f.html / https://kokugo.jitenon.jp/kanji/%E8%81%AF/contain/,
聯,連,聯立,連立,PDF既出,A:PDF明示・自動復元候補,https://kakijun.com/kanji/kotoba/806f.html / https://kokugo.jitenon.jp/kanji/%E8%81%AF/contain/,
聯,連,聯綿,連綿,オンライン辞書確認,B:辞書確認・文脈判定候補,https://kakijun.com/kanji/kotoba/806f.html / https://kokugo.jitenon.jp/kanji/%E8%81%AF/contain/,
聯,連,聯邦,連邦,PDF既出,A:PDF明示・自動復元候補,https://kakijun.com/kanji/kotoba/806f.html / https://kokugo.jitenon.jp/kanji/%E8%81%AF/contain/,
聯,連,聯隊,連隊,オンライン辞書確認,B:辞書確認・文脈判定候補,https://kakijun.com/kanji/kotoba/806f.html / https://kokugo.jitenon.jp/kanji/%E8%81%AF/contain/,
聯,連,頷聯,頷連,オンライン辞書確認,B:辞書確認・文脈判定候補,https://kakijun.com/kanji/kotoba/806f.html / https://kokugo.jitenon.jp/kanji/%E8%81%AF/contain/,
聯,連,頸聯,頸連,オンライン辞書確認,B:辞書確認・文脈判定候補,https://kakijun.com/kanji/kotoba/806f.html / https://kokugo.jitenon.jp/kanji/%E8%81%AF/contain/,
聯,連,関聯,関連,オンライン辞書確認,B:辞書確認・文脈判定候補,https://kakijun.com/kanji/kotoba/806f.html / https://kokugo.jitenon.jp/kanji/%E8%81%AF/contain/,
彎,湾,彎曲,湾曲,PDF既出,A:PDF明示・自動復元候補,https://kanji.reader.bz/jukugo_2moji/%E5%BD%8E / https://kanji.quus.net/jyukugo4070/2jijyukugo.htm / https://yoji.jitenon.jp/kanji/%E5%BD%8E/contain/,
彎,湾,彎月,湾月,オンライン辞書確認,B:辞書確認・自動候補,https://kanji.reader.bz/jukugo_2moji/%E5%BD%8E / https://kanji.quus.net/jyukugo4070/2jijyukugo.htm / https://yoji.jitenon.jp/kanji/%E5%BD%8E/contain/,
彎,湾,彎屈,湾屈,オンライン辞書確認,B:辞書確認・自動候補,https://kanji.reader.bz/jukugo_2moji/%E5%BD%8E / https://kanji.quus.net/jyukugo4070/2jijyukugo.htm / https://yoji.jitenon.jp/kanji/%E5%BD%8E/contain/,
彎,湾,彎入,湾入,PDF既出,A:PDF明示・自動復元候補,https://kanji.reader.bz/jukugo_2moji/%E5%BD%8E / https://kanji.quus.net/jyukugo4070/2jijyukugo.htm / https://yoji.jitenon.jp/kanji/%E5%BD%8E/contain/,
彎,湾,彎刀,湾刀,オンライン辞書確認,B:辞書確認・自動候補,https://kanji.reader.bz/jukugo_2moji/%E5%BD%8E / https://kanji.quus.net/jyukugo4070/2jijyukugo.htm / https://yoji.jitenon.jp/kanji/%E5%BD%8E/contain/,
彎,湾,彎弓,湾弓,オンライン辞書確認,B:辞書確認・自動候補,https://kanji.reader.bz/jukugo_2moji/%E5%BD%8E / https://kanji.quus.net/jyukugo4070/2jijyukugo.htm / https://yoji.jitenon.jp/kanji/%E5%BD%8E/contain/,
彎,湾,彎形,湾形,オンライン辞書確認,B:辞書確認・自動候補,https://kanji.reader.bz/jukugo_2moji/%E5%BD%8E / https://kanji.quus.net/jyukugo4070/2jijyukugo.htm / https://yoji.jitenon.jp/kanji/%E5%BD%8E/contain/,
彎,湾,転彎抹角,転湾抹角,オンライン辞書確認,B:辞書確認・自動候補,https://kanji.reader.bz/jukugo_2moji/%E5%BD%8E / https://kanji.quus.net/jyukugo4070/2jijyukugo.htm / https://yoji.jitenon.jp/kanji/%E5%BD%8E/contain/,
