旧字,書換字,種別,確認語数,PDF熟語表にも明示された語数,語例,出典URL,運用メモ
闇,暗,PDF一字項目,14,1,亮闇、夕闇、宵闇、常闇、暁闇、暗闇、無闇、諒闇、闇値、闇夜、闇然、闇路,https://kakijun.com/kanji/kotoba/95c7.html,一字逆変換禁止。熟語ホワイトリストで復元。
焔,炎,PDF一字項目,4,2,火焔、気焔、光焔万丈、煙焔天に漲る,https://www.kanjipedia.jp/kanji/0006820400 / https://yoji-jukugo.com/tag/%E7%84%94/,一字逆変換禁止。熟語ホワイトリストで復元。
誡,戒,PDF一字項目,3,2,十誡、訓誡、誡告,https://kakijun.com/kanji/kotoba/8aa1.html,一字逆変換禁止。熟語ホワイトリストで復元。
廻,回,PDF一字項目,9,3,廻向、廻天、廻廊、廻旋、廻覧、廻転、廻送、廻風、輪廻,https://kakijun.com/kanji/kotoba/5efb.html,一字逆変換禁止。熟語ホワイトリストで復元。
劃,画,PDF一字項目,7,4,劃一、劃然、劃定、企劃、区劃、劃一的、劃期的,https://kakijun.com/kanji/kotoba/5283.html,一字逆変換禁止。熟語ホワイトリストで復元。
廓,郭,PDF一字項目,6,3,廓清、廓然、廓大、廓寥、外廓、輪廓,https://kakijun.com/kanji/kotoba/5ed3.html,一字逆変換禁止。熟語ホワイトリストで復元。
畸,奇,PDF一字項目,7,1,畸人、畸形、畸型、畸才、畸童、畸行、警畸,https://kakijun.com/kanji/kotoba/7578.html / https://kanji.reader.bz/jukugo_2moji/%E7%95%B8,一字逆変換禁止。熟語ホワイトリストで復元。
稀,希,PDF一字項目,10,7,依稀、稀釈、稀少、稀疎、稀代、稀薄、稀有、古稀、稀元素、稀硫酸,https://kakijun.com/kanji/kotoba/7a00.html,一字逆変換禁止。熟語ホワイトリストで復元。
糺,糾,PDF一字項目,5,2,糺弾、糺明、糺問、取り糺す、聞き糺す,https://kakijun.com/kanji/kotoba/7cfa.html / https://kanji.quus.net/jyukugo5485/,一字逆変換禁止。熟語ホワイトリストで復元。
馭,御,PDF一字項目,9,1,統馭、制馭、駕馭、馭者、遠馭、雑馭、馭丁、馭卒、控馭之術,https://kakijun.com/c/99ad.html / https://kanji.quus.net/jyukugo6883/2jijyukugo.htm,一字逆変換禁止。熟語ホワイトリストで復元。
兇,凶,PDF一字項目,10,8,元兇、兇刃、兇器、兇変、兇弾、兇徒、兇悪、兇暴、兇漢、兇行,https://kakijun.com/kanji/kotoba/5147.html,一字逆変換禁止。熟語ホワイトリストで復元。
絃,弦,PDF一字項目,4,3,絃歌、三絃、管絃楽、絃楽器,https://kakijun.com/kanji/kotoba/7d43.html,一字逆変換禁止。熟語ホワイトリストで復元。
倖,幸,PDF一字項目,4,2,僥倖、薄倖、射倖、射倖心,https://kakijun.com/kanji/kotoba/5016.html / https://kanji.quus.net/jyukugo2232/2jijyukugo.htm,一字逆変換禁止。熟語ホワイトリストで復元。
宏,広,PDF一字項目,11,2,宏図、宏壮、宏大、宏謨、宏遠、恢宏、宏儒、宏弁、宏漠、宏量、宏闊,https://kakijun.com/kanji/kotoba/5b8f.html / https://www.kanjipedia.jp/kanji/0002181100 / https://kanji.quus.net/jyukugo2335/2jijyukugo.htm,一字逆変換禁止。熟語ホワイトリストで復元。
磺,鉱,PDF一字項目・原資料表記,1,0,磺,https://www.bunka.go.jp/seisaku/bunkashingikai/kokugo/shoiinkai/iinkai_20/pdf/shiryo_3.pdf,一字逆変換禁止。熟語ホワイトリストで復元。
礦,鉱,PDF熟語項目に出る旧字,3,3,礦業、礦石、炭礦,https://kanji.quus.net/jyukugo5228/ / https://kokugo.jitenon.jp/kanji/%E7%A4%A6/contain/,一字逆変換禁止。熟語ホワイトリストで復元。
坐,座,PDF一字項目,15,5,坐作、坐忘、坐洲、坐礁、坐臥、坐視、坐骨、憑坐、瞑坐、端坐、累坐、趺坐,https://kakijun.com/kanji/kotoba/5750.html,一字逆変換禁止。熟語ホワイトリストで復元。
讃,賛,PDF一字項目,21,5,和讃、慶讃、画讃、称讃、絶讃、讃仰、讃嘆、讃美、讃辞、賞讃、自画讃、自負自讃,https://kakijun.com/kanji/kotoba/8b83.html / https://kanji.quus.net/jyukugo2875/ / https://yoji.jitenon.jp/kanji/%E8%AE%83/contain/,一字逆変換禁止。熟語ホワイトリストで復元。
洲,州,PDF一字項目,6,1,八洲、坐洲、洲崎、洲嶼、洲浜、大八洲,https://kakijun.com/kanji/kotoba/6d32.html,一字逆変換禁止。熟語ホワイトリストで復元。
輯,集,PDF一字項目,9,2,編輯、特輯、纂輯、集輯、輯睦、輯録、収輯、寧輯、懐輯,https://kanji.reader.bz/jukugo_2moji/%E8%BC%AF / https://kokugo.jitenon.jp/kanji/%E8%BC%AF/contain/,一字逆変換禁止。熟語ホワイトリストで復元。
陞,昇,PDF一字項目,1,1,陞叙,https://kakijun.com/kanji/kotoba/965e.html,一字逆変換禁止。熟語ホワイトリストで復元。
銷,消,PDF一字項目,8,3,銷金、銷する、銷夏、銷却、銷鎮、銷沈、意気銷沈、一筆勾銷,https://kanji.quus.net/jyukugo6609/3jijyukugo.htm / https://yoji.jitenon.jp/kanji/%E6%B6%88/contain/,一字逆変換禁止。熟語ホワイトリストで復元。
蹟,跡,PDF一字項目,12,8,三蹟、古蹟、史蹟、奇蹟、手蹟、旧蹟、真蹟、筆蹟、遺蹟、墨蹟、名蹟、事蹟,https://kakijun.com/kanji/kotoba/8e5f.html / https://kanji.reader.bz/jukugo_2moji/%E8%B9%9F,一字逆変換禁止。熟語ホワイトリストで復元。
沮,阻,PDF一字項目,12,2,沮止、沮喪、沮む、沮洳、沃沮、臨沮、沮潰、沮害、愧沮、惨沮、慙沮、意気沮喪,https://kanjijoho.com/kanji/kanji4291.html / https://kanji.reader.bz/jukugo_2moji/%E6%B2%AE,一字逆変換禁止。熟語ホワイトリストで復元。
惣,総,PDF一字項目,12,1,惣暗、惣菜、惣領、惣太鰹、惣作、惣嫁、惣村請、惣大将、惣検校、惣地頭、惣年寄、惣百姓,https://kakijun.com/kanji/kotoba/60e3.html / https://kanji.quus.net/jyukugo2406/ / https://kanji.nonai.jp/0002599,一字逆変換禁止。熟語ホワイトリストで復元。
歎,嘆,PDF一字項目,19,1,詠歎、怨歎、懊歎、感歎、慨歎、驚歎、嗟歎、三歎、讚歎、愁歎、賞歎、歎願,https://kokugo.jitenon.jp/kanji/%E6%AD%8E/contain/ / https://yoji.jitenon.jp/kanji/%E6%AD%8E/contain/,一字逆変換禁止。熟語ホワイトリストで復元。
智,知,PDF一字項目,23,5,叡智、智利、智勇、智巧、智徳、智慧、智能、智謀、権智、五智、三智、四智,https://kakijun.com/kanji/kotoba/667a.html / https://kanji.quus.net/jyukugo2470/ / https://yoji.jitenon.jp/kanji/%E6%99%BA/contain/,一字逆変換禁止。熟語ホワイトリストで復元。
註,注,PDF一字項目,16,3,冠註、脚註、訓註、註解、註釈、註文、註記、註疏、評註、訳註、校註、頭註,https://kanji.quus.net/jyukugo2865/ / https://www.bunka.go.jp/seisaku/bunkashingikai/kokugo/shoiinkai/iinkai_20/pdf/shiryo_3.pdf,一字逆変換禁止。熟語ホワイトリストで復元。
蹈,踏,PDF一字項目,15,1,蹈襲、蹈鞴、高蹈、一蹈、地蹈、大蹈、悶蹈、瀬蹈、舞蹈、循規蹈矩、仲連蹈海、蹈常襲故,https://kakijun.com/kanji/kotoba/8e48.html / https://kanji.reader.bz/jukugo_2moji/%E8%B9%88 / https://yoji.jitenon.jp/kanji/%E8%B9%88/contain/,一字逆変換禁止。熟語ホワイトリストで復元。
叛,反,PDF一字項目,16,4,叛乱、叛心、叛意、叛旗、叛逆、叛骨、離叛、謀叛、叛徒、叛服、叛臣、叛賊,https://kakijun.com/kanji/kotoba/53db.html / https://kokugo.jitenon.jp/kanji/%E5%8F%9B/contain/,一字逆変換禁止。熟語ホワイトリストで復元。
篇,編,PDF一字項目,20,2,曩篇、短篇、篇什、篇帙、篇次、篇目、篇章、長篇、詩篇、常篇、断篇、佳篇,https://kakijun.com/kanji/kotoba/7bc7.html / https://kanji.quus.net/jyukugo2725/ / https://yoji.jitenon.jp/kanji/%E7%AF%87/contain/,一字逆変換禁止。熟語ホワイトリストで復元。
輔,補,PDF一字項目,12,2,大輔、少輔、輔佐、輔導、輔弼、輔相、輔翼、輔車、唇歯輔車、覇王之輔、輔車唇歯、輔車相依,https://kakijun.com/kanji/kotoba/8f14.html / https://yoji.jitenon.jp/kanji/%E8%BC%94/contain/,一字逆変換禁止。熟語ホワイトリストで復元。
歿,没,PDF一字項目,8,3,戦歿、死歿、歿年、病歿、陣歿、生歿、歿後、歿前,https://kakijun.com/kanji/kotoba/6b7f.html / https://kokugo.jitenon.jp/kanji/%E6%AD%BF/contain/,一字逆変換禁止。熟語ホワイトリストで復元。
摸,模,PDF一字項目,14,1,掏摸、摸倣、摸写、摸擬、摸本、摸索、摸造、摸範、摸作、摸様、臨摸、暗中摸索,https://kakijun.com/c/6478.html / https://kanji.quus.net/jyukugo3427/ / https://yoji.jitenon.jp/kanji/%E6%91%B8/contain/,一字逆変換禁止。熟語ホワイトリストで復元。
熔,溶,PDF一字項目,14,3,熔解、熔岩、熔接、熔鋳、熔笵、熔冶、熔鉱炉、熔化、熔銑、熔融、熔滓、熔炉,https://kakijun.com/kanji/kotoba/7194.html / https://kanji.quus.net/jyukugo4880/ / https://kanji.reader.bz/jukugo_2moji/%E7%86%94,一字逆変換禁止。熟語ホワイトリストで復元。
鎔,溶,PDF一字項目,12,1,鎔冶、鎔化、鎔解、鎔笵、鎔鉱炉、鎔造、鎔鋳、鎔点、鎔範、鎔融、鎔炉、鎔和,https://kotobank.jp/word/%E9%8E%94-2790950 / https://kanji.quus.net/jyukugo6569/,一字逆変換禁止。熟語ホワイトリストで復元。
慾,欲,PDF一字項目,28,9,愛慾、強慾、性慾、大慾、色慾、食慾、無慾、物慾、名誉慾、意慾、慾望、利慾,https://kanji.quus.net/jyukugo4200/ / https://kokugo.jitenon.jp/kanji/%E6%85%BE/contain/ / https://kanji.reader.bz/jukugo_2moji/%E6%85%BE,一字逆変換禁止。熟語ホワイトリストで復元。
掠,略,PDF一字項目,10,3,侵掠、奪掠、剽掠、劫掠、抄掠、掠奪、暴掠、鹵掠、寇掠、笞掠,https://kakijun.com/kanji/kotoba/63a0.html / https://kokugo.jitenon.jp/kanji/%E6%8E%A0/contain/ / https://www.kanjipedia.jp/kanji/0007113900,一字逆変換禁止。熟語ホワイトリストで復元。
諒,了,PDF一字項目,8,2,諒察、諒恕、諒承、諒解、諒闇、憫諒、諒する、剛毅直諒,https://kakijun.com/kanji/kotoba/8ad2.html / https://kokugo.jitenon.jp/kanji/%E8%AB%92/contain/,一字逆変換禁止。熟語ホワイトリストで復元。
輛,両,PDF一字項目,6,0,車輛、一輛、二輛、余輛、幾輛、艘輛,https://kanji.reader.bz/jukugo_2moji/%E8%BC%9B,一字逆変換禁止。熟語ホワイトリストで復元。
聯,連,PDF一字項目,20,7,聯合、聯盟、聯結、一聯、聯繋、聯亙、聯絡、聯袂、対聯、柱聯、聯句、聯想,https://kakijun.com/kanji/kotoba/806f.html / https://kokugo.jitenon.jp/kanji/%E8%81%AF/contain/,一字逆変換禁止。熟語ホワイトリストで復元。
彎,湾,PDF一字項目,8,2,彎曲、彎月、彎屈、彎入、彎刀、彎弓、彎形、転彎抹角,https://kanji.reader.bz/jukugo_2moji/%E5%BD%8E / https://kanji.quus.net/jyukugo4070/2jijyukugo.htm / https://yoji.jitenon.jp/kanji/%E5%BD%8E/contain/,一字逆変換禁止。熟語ホワイトリストで復元。
