代表旧字,代表新字,除外件数,除外理由,後続管理
乘,乗,9,旧字体・新字体の一字対応,一字対応表へ移管
豫,予,9,旧字体・新字体の一字対応,一字対応表へ移管
佛,仏,9,旧字体・新字体の一字対応,一字対応表へ移管
會,会,20,旧字体・新字体の一字対応,一字対応表へ移管
傳,伝,16,旧字体・新字体の一字対応,一字対応表へ移管
體,体,22,旧字体・新字体の一字対応,一字対応表へ移管
餘,余,9,旧字体・新字体の一字対応,一字対応表へ移管
價,価,10,旧字体・新字体の一字対応,一字対応表へ移管
兒,児,9,旧字体・新字体の一字対応,一字対応表へ移管
圓,円,12,旧字体・新字体の一字対応,一字対応表へ移管
處,処,10,旧字体・新字体の一字対応,一字対応表へ移管
劍,剣,8,旧字体・新字体の一字対応,一字対応表へ移管
劑,剤,7,旧字体・新字体の一字対応,一字対応表へ移管
勞,労,11,旧字体・新字体の一字対応,一字対応表へ移管
區,区,12,旧字体・新字体の一字対応,一字対応表へ移管
醫,医,11,旧字体・新字体の一字対応,一字対応表へ移管
收,収,9,旧字体・新字体の一字対応,一字対応表へ移管
敍,叙,7,旧字体・新字体の一字対応,一字対応表へ移管
號,号,11,旧字体・新字体の一字対応,一字対応表へ移管
團,団,8,旧字体・新字体の一字対応,一字対応表へ移管
圍,囲,8,旧字体・新字体の一字対応,一字対応表へ移管
國,国,24,旧字体・新字体の一字対応,一字対応表へ移管
壓,圧,9,旧字体・新字体の一字対応,一字対応表へ移管
鹽,塩,9,旧字体・新字体の一字対応,一字対応表へ移管
壞,壊,8,旧字体・新字体の一字対応,一字対応表へ移管
聲,声,9,旧字体・新字体の一字対応,一字対応表へ移管
賣,売,9,旧字体・新字体の一字対応,一字対応表へ移管
變,変,11,旧字体・新字体の一字対応,一字対応表へ移管
學,学,22,旧字体・新字体の一字対応,一字対応表へ移管
寶,宝,8,旧字体・新字体の一字対応,一字対応表へ移管
對,対,9,旧字体・新字体の一字対応,一字対応表へ移管
壽,寿,8,旧字体・新字体の一字対応,一字対応表へ移管
專,専,9,旧字体・新字体の一字対応,一字対応表へ移管
帶,帯,9,旧字体・新字体の一字対応,一字対応表へ移管
歸,帰,9,旧字体・新字体の一字対応,一字対応表へ移管
廳,庁,7,旧字体・新字体の一字対応,一字対応表へ移管
廣,広,12,旧字体・新字体の一字対応,一字対応表へ移管
廢,廃,8,旧字体・新字体の一字対応,一字対応表へ移管
從,従,9,旧字体・新字体の一字対応,一字対応表へ移管
應,応,11,旧字体・新字体の一字対応,一字対応表へ移管
戀,恋,9,旧字体・新字体の一字対応,一字対応表へ移管
惡,悪,10,旧字体・新字体の一字対応,一字対応表へ移管
懷,懐,8,旧字体・新字体の一字対応,一字対応表へ移管
戰,戦,20,旧字体・新字体の一字対応,一字対応表へ移管
戲,戯,7,旧字体・新字体の一字対応,一字対応表へ移管
拂,払,8,旧字体・新字体の一字対応,一字対応表へ移管
拔,抜,8,旧字体・新字体の一字対応,一字対応表へ移管
擇,択,5,旧字体・新字体の一字対応,一字対応表へ移管
拜,拝,7,旧字体・新字体の一字対応,一字対応表へ移管
搖,揺,7,旧字体・新字体の一字対応,一字対応表へ移管
攝,摂,8,旧字体・新字体の一字対応,一字対応表へ移管
數,数,9,旧字体・新字体の一字対応,一字対応表へ移管
齋,斎,7,旧字体・新字体の一字対応,一字対応表へ移管
斷,断,10,旧字体・新字体の一字対応,一字対応表へ移管
晝,昼,7,旧字体・新字体の一字対応,一字対応表へ移管
條,条,9,旧字体・新字体の一字対応,一字対応表へ移管
樞,枢,6,旧字体・新字体の一字対応,一字対応表へ移管
榮,栄,12,旧字体・新字体の一字対応,一字対応表へ移管
櫻,桜,11,旧字体・新字体の一字対応,一字対応表へ移管
檢,検,10,旧字体・新字体の一字対応,一字対応表へ移管
樂,楽,16,旧字体・新字体の一字対応,一字対応表へ移管
樣,様,9,旧字体・新字体の一字対応,一字対応表へ移管
權,権,10,旧字体・新字体の一字対応,一字対応表へ移管
缺,欠,8,旧字体・新字体の一字対応,一字対応表へ移管
歡,歓,8,旧字体・新字体の一字対応,一字対応表へ移管
齒,歯,8,旧字体・新字体の一字対応,一字対応表へ移管
歲,歳,9,旧字体・新字体の一字対応,一字対応表へ移管
殘,残,11,旧字体・新字体の一字対応,一字対応表へ移管
氣,気,21,旧字体・新字体の一字対応,一字対応表へ移管
澤,沢,11,旧字体・新字体の一字対応,一字対応表へ移管
淨,浄,7,旧字体・新字体の一字対応,一字対応表へ移管
濱,浜,10,旧字体・新字体の一字対応,一字対応表へ移管
濟,済,7,旧字体・新字体の一字対応,一字対応表へ移管
滿,満,9,旧字体・新字体の一字対応,一字対応表へ移管
燒,焼,11,旧字体・新字体の一字対応,一字対応表へ移管
發,発,13,旧字体・新字体の一字対応,一字対応表へ移管
縣,県,11,旧字体・新字体の一字対応,一字対応表へ移管
禮,礼,9,旧字体・新字体の一字対応,一字対応表へ移管
祕,秘,6,旧字体・新字体の一字対応,一字対応表へ移管
龍,竜,8,旧字体・新字体の一字対応,一字対応表へ移管
經,経,12,旧字体・新字体の一字対応,一字対応表へ移管
絕,絶,8,旧字体・新字体の一字対応,一字対応表へ移管
繼,継,7,旧字体・新字体の一字対応,一字対応表へ移管
續,続,9,旧字体・新字体の一字対応,一字対応表へ移管
縱,縦,8,旧字体・新字体の一字対応,一字対応表へ移管
聽,聴,9,旧字体・新字体の一字対応,一字対応表へ移管
藝,芸,12,旧字体・新字体の一字対応,一字対応表へ移管
藥,薬,13,旧字体・新字体の一字対応,一字対応表へ移管
覽,覧,7,旧字体・新字体の一字対応,一字対応表へ移管
觀,観,8,旧字体・新字体の一字対応,一字対応表へ移管
譯,訳,9,旧字体・新字体の一字対応,一字対応表へ移管
豐,豊,8,旧字体・新字体の一字対応,一字対応表へ移管
輕,軽,10,旧字体・新字体の一字対応,一字対応表へ移管
邊,辺,10,旧字体・新字体の一字対応,一字対応表へ移管
遲,遅,8,旧字体・新字体の一字対応,一字対応表へ移管
醉,酔,8,旧字体・新字体の一字対応,一字対応表へ移管
鐵,鉄,9,旧字体・新字体の一字対応,一字対応表へ移管
鑛,鉱,8,旧字体・新字体の一字対応,一字対応表へ移管
鑄,鋳,8,旧字体・新字体の一字対応,一字対応表へ移管
關,関,11,旧字体・新字体の一字対応,一字対応表へ移管
險,険,8,旧字体・新字体の一字対応,一字対応表へ移管
雜,雑,10,旧字体・新字体の一字対応,一字対応表へ移管
靜,静,9,旧字体・新字体の一字対応,一字対応表へ移管
驛,駅,10,旧字体・新字体の一字対応,一字対応表へ移管
麥,麦,8,旧字体・新字体の一字対応,一字対応表へ移管
默,黙,8,旧字体・新字体の一字対応,一字対応表へ移管
