現代表記側代表字,復元側代表字,除外理由,運用
学,學,純粋な一字対応で処理可能なため、熟語辞書からは除外,一字対応表側で管理
国,國,純粋な一字対応で処理可能なため、熟語辞書からは除外,一字対応表側で管理
体,體,純粋な一字対応で処理可能なため、熟語辞書からは除外,一字対応表側で管理
気,氣,純粋な一字対応で処理可能なため、熟語辞書からは除外,一字対応表側で管理
会,會,純粋な一字対応で処理可能なため、熟語辞書からは除外,一字対応表側で管理
広,廣,純粋な一字対応で処理可能なため、熟語辞書からは除外,一字対応表側で管理
桜,櫻,純粋な一字対応で処理可能なため、熟語辞書からは除外,一字対応表側で管理
県,縣,純粋な一字対応で処理可能なため、熟語辞書からは除外,一字対応表側で管理
庁,廳,純粋な一字対応で処理可能なため、熟語辞書からは除外,一字対応表側で管理
号,號,純粋な一字対応で処理可能なため、熟語辞書からは除外,一字対応表側で管理
鉄,鐵,純粋な一字対応で処理可能なため、熟語辞書からは除外,一字対応表側で管理
発,發,純粋な一字対応で処理可能なため、熟語辞書からは除外,一字対応表側で管理
応,應,純粋な一字対応で処理可能なため、熟語辞書からは除外,一字対応表側で管理
対,對,純粋な一字対応で処理可能なため、熟語辞書からは除外,一字対応表側で管理
条,條,純粋な一字対応で処理可能なため、熟語辞書からは除外,一字対応表側で管理
実,實,純粋な一字対応で処理可能なため、熟語辞書からは除外,一字対応表側で管理
関,關,純粋な一字対応で処理可能なため、熟語辞書からは除外,一字対応表側で管理
経,經,純粋な一字対応で処理可能なため、熟語辞書からは除外,一字対応表側で管理
訳,譯,純粋な一字対応で処理可能なため、熟語辞書からは除外,一字対応表側で管理
観,觀,純粋な一字対応で処理可能なため、熟語辞書からは除外,一字対応表側で管理
検,檢,純粋な一字対応で処理可能なため、熟語辞書からは除外,一字対応表側で管理
権,權,純粋な一字対応で処理可能なため、熟語辞書からは除外,一字対応表側で管理
礼,禮,純粋な一字対応で処理可能なため、熟語辞書からは除外,一字対応表側で管理
医,醫,純粋な一字対応で処理可能なため、熟語辞書からは除外,一字対応表側で管理
薬,藥,純粋な一字対応で処理可能なため、熟語辞書からは除外,一字対応表側で管理
駅,驛,純粋な一字対応で処理可能なため、熟語辞書からは除外,一字対応表側で管理
当,當,純粋な一字対応で処理可能なため、熟語辞書からは除外,一字対応表側で管理
党,黨,純粋な一字対応で処理可能なため、熟語辞書からは除外,一字対応表側で管理
点,點,純粋な一字対応で処理可能なため、熟語辞書からは除外,一字対応表側で管理
円,圓,純粋な一字対応で処理可能なため、熟語辞書からは除外,一字対応表側で管理
万,萬,純粋な一字対応で処理可能なため、熟語辞書からは除外,一字対応表側で管理
処,處,純粋な一字対応で処理可能なため、熟語辞書からは除外,一字対応表側で管理
竜,龍,純粋な一字対応で処理可能なため、熟語辞書からは除外,一字対応表側で管理
滝,瀧,純粋な一字対応で処理可能なため、熟語辞書からは除外,一字対応表側で管理
