ID,系統,書換後候補,復元先旧表記,現代表記側代表字,復元側代表字,復元字種,実行採用,先行告示PDF系重複,判定理由,出典URL候補,運用メモ
MTO-0292,多対一・缶系,ドラム缶,ドラム罐,缶,罐,容器・缶詰系,TRUE,FALSE,缶は罐の簡略表記として使われる一方、缶字自体もあるため、容器語だけ語単位で罐へ戻す。,https://kanji.jitenon.jp/ / https://kokugo.jitenon.jp/ / https://kakijun.com/,一字置換ではなく、語単位・最長一致の実行辞書として扱う。
MTO-0049,多対一・弁系,安全弁,安全瓣,弁,瓣,花弁・弁膜・バルブ系,TRUE,FALSE,花びら・弁膜・バルブ系は瓣であり、言語系の辯や識別系の辨と分岐する。,https://kanji.jitenon.jp/ / https://kokugo.jitenon.jp/ / https://kakijun.com/,一字置換ではなく、語単位・最長一致の実行辞書として扱う。
MTO-0096,多対一・予系,伊予,伊豫,予,豫,地名・歴史名系,TRUE,FALSE,地名・歴史名は一般語と別管理可能だが、旧表記復元では候補として保持。,https://kanji.jitenon.jp/ / https://kokugo.jitenon.jp/ / https://kakijun.com/,固有名詞寄り。自動適用可否は固有名詞モードで制御。
MTO-0178,多対一・台系,一台,一臺,台,臺,台座・舞台・地名系,TRUE,FALSE,台は臺・颱・台を吸収するため、台風だけ颱、台座・舞台・台湾系は臺に分岐する。,https://kanji.jitenon.jp/ / https://kokugo.jitenon.jp/ / https://kakijun.com/,一字置換ではなく、語単位・最長一致の実行辞書として扱う。
MTO-0293,多対一・缶系,一斗缶,一斗罐,缶,罐,容器・缶詰系,TRUE,FALSE,缶は罐の簡略表記として使われる一方、缶字自体もあるため、容器語だけ語単位で罐へ戻す。,https://kanji.jitenon.jp/ / https://kokugo.jitenon.jp/ / https://kakijun.com/,一字置換ではなく、語単位・最長一致の実行辞書として扱う。
MTO-0278,多対一・虫系,益虫,益蟲,虫,蟲/蛔,昆虫・虫類系,TRUE,FALSE,虫は蟲の新字体的に用いられるが、古典字としての虫もあるため、虫類・昆虫系だけ語単位で戻す。,https://kanji.jitenon.jp/ / https://kokugo.jitenon.jp/ / https://kakijun.com/,一字置換ではなく、語単位・最長一致の実行辞書として扱う。
MTO-0192,多対一・芸系,園芸,園藝,芸,藝,芸術・技芸系,TRUE,FALSE,芸は藝の新字体として使われる一方、別字としての芸もあるため、芸術・技芸系だけ語単位で藝へ戻す。,https://kanji.jitenon.jp/ / https://kokugo.jitenon.jp/ / https://kakijun.com/,一字置換ではなく、語単位・最長一致の実行辞書として扱う。
MTO-0204,多対一・芸系,演芸,演藝,芸,藝,芸術・技芸系,TRUE,FALSE,芸は藝の新字体として使われる一方、別字としての芸もあるため、芸術・技芸系だけ語単位で藝へ戻す。,https://kanji.jitenon.jp/ / https://kokugo.jitenon.jp/ / https://kakijun.com/,一字置換ではなく、語単位・最長一致の実行辞書として扱う。
MTO-0160,多対一・台系,屋台,屋臺,台,臺,台座・舞台・地名系,TRUE,FALSE,台は臺・颱・台を吸収するため、台風だけ颱、台座・舞台・台湾系は臺に分岐する。,https://kanji.jitenon.jp/ / https://kokugo.jitenon.jp/ / https://kakijun.com/,一字置換ではなく、語単位・最長一致の実行辞書として扱う。
MTO-0043,多対一・弁系,花弁,花瓣,弁,瓣,花弁・弁膜・バルブ系,TRUE,FALSE,花びら・弁膜・バルブ系は瓣であり、言語系の辯や識別系の辨と分岐する。,https://kanji.jitenon.jp/ / https://kokugo.jitenon.jp/ / https://kakijun.com/,一字置換ではなく、語単位・最長一致の実行辞書として扱う。
MTO-0145,多対一・余系,過不足なく余りある,過不足なく餘りある,余,餘,残余・剰余系,TRUE,FALSE,複合語・成句内の余は餘側だが、単独の余は一人称にもなるため熟語登録に限定。,https://kanji.jitenon.jp/ / https://kokugo.jitenon.jp/ / https://kakijun.com/,一字置換ではなく、語単位・最長一致の実行辞書として扱う。
MTO-0263,多対一・虫系,回虫,蛔蟲,虫,蟲/蛔,昆虫・虫類系,TRUE,FALSE,虫は蟲の新字体的に用いられるが、古典字としての虫もあるため、虫類・昆虫系だけ語単位で戻す。,https://kanji.jitenon.jp/ / https://kokugo.jitenon.jp/ / https://kakijun.com/,一字置換ではなく、語単位・最長一致の実行辞書として扱う。
MTO-0254,多対一・欠系,皆勤無欠,皆勤無缺,欠,缺,欠乏・欠席・欠損系,TRUE,FALSE,欠は旧字缺の新字体として使われるが、欠伸など欠本来字と衝突するため、欠乏・欠席系だけ語単位で缺へ戻す。,https://kanji.jitenon.jp/ / https://kokugo.jitenon.jp/ / https://kakijun.com/,一字置換ではなく、語単位・最長一致の実行辞書として扱う。
MTO-0256,多対一・虫系,害虫,害蟲,虫,蟲/蛔,昆虫・虫類系,TRUE,FALSE,虫は蟲の新字体的に用いられるが、古典字としての虫もあるため、虫類・昆虫系だけ語単位で戻す。,https://kanji.jitenon.jp/ / https://kokugo.jitenon.jp/ / https://kakijun.com/,一字置換ではなく、語単位・最長一致の実行辞書として扱う。
MTO-0207,多対一・芸系,学芸,學藝,芸,藝,芸術・技芸系,TRUE,FALSE,芸は藝の新字体として使われる一方、別字としての芸もあるため、芸術・技芸系だけ語単位で藝へ戻す。,https://kanji.jitenon.jp/ / https://kokugo.jitenon.jp/ / https://kakijun.com/,一字置換ではなく、語単位・最長一致の実行辞書として扱う。
MTO-0290,多対一・缶系,缶コーヒー,罐コーヒー,缶,罐,容器・缶詰系,TRUE,FALSE,缶は罐の簡略表記として使われる一方、缶字自体もあるため、容器語だけ語単位で罐へ戻す。,https://kanji.jitenon.jp/ / https://kokugo.jitenon.jp/ / https://kakijun.com/,一字置換ではなく、語単位・最長一致の実行辞書として扱う。
MTO-0291,多対一・缶系,缶ジュース,罐ジュース,缶,罐,容器・缶詰系,TRUE,FALSE,缶は罐の簡略表記として使われる一方、缶字自体もあるため、容器語だけ語単位で罐へ戻す。,https://kanji.jitenon.jp/ / https://kokugo.jitenon.jp/ / https://kakijun.com/,一字置換ではなく、語単位・最長一致の実行辞書として扱う。
MTO-0288,多対一・缶系,缶ビール,罐ビール,缶,罐,容器・缶詰系,TRUE,FALSE,缶は罐の簡略表記として使われる一方、缶字自体もあるため、容器語だけ語単位で罐へ戻す。,https://kanji.jitenon.jp/ / https://kokugo.jitenon.jp/ / https://kakijun.com/,一字置換ではなく、語単位・最長一致の実行辞書として扱う。
MTO-0299,多対一・缶系,缶飲料,罐飲料,缶,罐,容器・缶詰系,TRUE,FALSE,缶は罐の簡略表記として使われる一方、缶字自体もあるため、容器語だけ語単位で罐へ戻す。,https://kanji.jitenon.jp/ / https://kokugo.jitenon.jp/ / https://kakijun.com/,一字置換ではなく、語単位・最長一致の実行辞書として扱う。
MTO-0297,多対一・缶系,缶蓋,罐蓋,缶,罐,容器・缶詰系,TRUE,FALSE,缶は罐の簡略表記として使われる一方、缶字自体もあるため、容器語だけ語単位で罐へ戻す。,https://kanji.jitenon.jp/ / https://kokugo.jitenon.jp/ / https://kakijun.com/,一字置換ではなく、語単位・最長一致の実行辞書として扱う。
MTO-0283,多対一・缶系,缶詰,罐詰,缶,罐,容器・缶詰系,TRUE,FALSE,缶は罐の簡略表記として使われる一方、缶字自体もあるため、容器語だけ語単位で罐へ戻す。,https://kanji.jitenon.jp/ / https://kokugo.jitenon.jp/ / https://kakijun.com/,一字置換ではなく、語単位・最長一致の実行辞書として扱う。
MTO-0298,多対一・缶系,缶蹴り,罐蹴り,缶,罐,容器・缶詰系,TRUE,FALSE,缶は罐の簡略表記として使われる一方、缶字自体もあるため、容器語だけ語単位で罐へ戻す。,https://kanji.jitenon.jp/ / https://kokugo.jitenon.jp/ / https://kakijun.com/,一字置換ではなく、語単位・最長一致の実行辞書として扱う。
MTO-0300,多対一・缶系,缶食品,罐食品,缶,罐,容器・缶詰系,TRUE,FALSE,缶は罐の簡略表記として使われる一方、缶字自体もあるため、容器語だけ語単位で罐へ戻す。,https://kanji.jitenon.jp/ / https://kokugo.jitenon.jp/ / https://kakijun.com/,一字置換ではなく、語単位・最長一致の実行辞書として扱う。
MTO-0286,多対一・缶系,缶切り,罐切り,缶,罐,容器・缶詰系,TRUE,FALSE,缶は罐の簡略表記として使われる一方、缶字自体もあるため、容器語だけ語単位で罐へ戻す。,https://kanji.jitenon.jp/ / https://kokugo.jitenon.jp/ / https://kakijun.com/,一字置換ではなく、語単位・最長一致の実行辞書として扱う。
MTO-0296,多対一・缶系,缶底,罐底,缶,罐,容器・缶詰系,TRUE,FALSE,缶は罐の簡略表記として使われる一方、缶字自体もあるため、容器語だけ語単位で罐へ戻す。,https://kanji.jitenon.jp/ / https://kokugo.jitenon.jp/ / https://kakijun.com/,一字置換ではなく、語単位・最長一致の実行辞書として扱う。
MTO-0295,多対一・缶系,缶胴,罐胴,缶,罐,容器・缶詰系,TRUE,FALSE,缶は罐の簡略表記として使われる一方、缶字自体もあるため、容器語だけ語単位で罐へ戻す。,https://kanji.jitenon.jp/ / https://kokugo.jitenon.jp/ / https://kakijun.com/,一字置換ではなく、語単位・最長一致の実行辞書として扱う。
MTO-0287,多対一・缶系,缶入り,罐入り,缶,罐,容器・缶詰系,TRUE,FALSE,缶は罐の簡略表記として使われる一方、缶字自体もあるため、容器語だけ語単位で罐へ戻す。,https://kanji.jitenon.jp/ / https://kokugo.jitenon.jp/ / https://kakijun.com/,一字置換ではなく、語単位・最長一致の実行辞書として扱う。
MTO-0262,多対一・虫系,寄生虫,寄生蟲,虫,蟲/蛔,昆虫・虫類系,TRUE,FALSE,虫は蟲の新字体的に用いられるが、古典字としての虫もあるため、虫類・昆虫系だけ語単位で戻す。,https://kanji.jitenon.jp/ / https://kokugo.jitenon.jp/ / https://kakijun.com/,一字置換ではなく、語単位・最長一致の実行辞書として扱う。
MTO-0212,多対一・芸系,技芸,技藝,芸,藝,芸術・技芸系,TRUE,FALSE,芸は藝の新字体として使われる一方、別字としての芸もあるため、芸術・技芸系だけ語単位で藝へ戻す。,https://kanji.jitenon.jp/ / https://kokugo.jitenon.jp/ / https://kakijun.com/,一字置換ではなく、語単位・最長一致の実行辞書として扱う。
MTO-0051,多対一・弁系,逆止弁,逆止瓣,弁,瓣,花弁・弁膜・バルブ系,TRUE,FALSE,花びら・弁膜・バルブ系は瓣であり、言語系の辯や識別系の辨と分岐する。,https://kanji.jitenon.jp/ / https://kokugo.jitenon.jp/ / https://kakijun.com/,一字置換ではなく、語単位・最長一致の実行辞書として扱う。
MTO-0052,多対一・弁系,吸気弁,吸氣瓣,弁,瓣,花弁・弁膜・バルブ系,TRUE,FALSE,花びら・弁膜・バルブ系は瓣であり、言語系の辯や識別系の辨と分岐する。,https://kanji.jitenon.jp/ / https://kokugo.jitenon.jp/ / https://kakijun.com/,一字置換ではなく、語単位・最長一致の実行辞書として扱う。
MTO-0281,多対一・虫系,泣き虫,泣き蟲,虫,蟲/蛔,昆虫・虫類系,TRUE,FALSE,虫は蟲の新字体的に用いられるが、古典字としての虫もあるため、虫類・昆虫系だけ語単位で戻す。,https://kanji.jitenon.jp/ / https://kokugo.jitenon.jp/ / https://kakijun.com/,一字置換ではなく、語単位・最長一致の実行辞書として扱う。
MTO-0009,多対一・弁系,強弁,強辯,弁,辯,言語・弁論系,TRUE,FALSE,弁は辯・辨・瓣・弁を吸収するため、言語・論駁・弁明系は辯に限定して熟語登録。,https://kanji.jitenon.jp/ / https://kokugo.jitenon.jp/ / https://kakijun.com/,一字置換ではなく、語単位・最長一致の実行辞書として扱う。
MTO-0216,多対一・芸系,曲芸,曲藝,芸,藝,芸術・技芸系,TRUE,FALSE,芸は藝の新字体として使われる一方、別字としての芸もあるため、芸術・技芸系だけ語単位で藝へ戻す。,https://kanji.jitenon.jp/ / https://kokugo.jitenon.jp/ / https://kakijun.com/,一字置換ではなく、語単位・最長一致の実行辞書として扱う。
MTO-0285,多対一・缶系,空缶,空罐,缶,罐,容器・缶詰系,TRUE,FALSE,缶は罐の簡略表記として使われる一方、缶字自体もあるため、容器語だけ語単位で罐へ戻す。,https://kanji.jitenon.jp/ / https://kokugo.jitenon.jp/ / https://kakijun.com/,一字置換ではなく、語単位・最長一致の実行辞書として扱う。
MTO-0209,多対一・芸系,芸域,藝域,芸,藝,芸術・技芸系,TRUE,FALSE,芸は藝の新字体として使われる一方、別字としての芸もあるため、芸術・技芸系だけ語単位で藝へ戻す。,https://kanji.jitenon.jp/ / https://kokugo.jitenon.jp/ / https://kakijun.com/,一字置換ではなく、語単位・最長一致の実行辞書として扱う。
MTO-0210,多対一・芸系,芸妓,藝妓,芸,藝,芸術・技芸系,TRUE,FALSE,芸は藝の新字体として使われる一方、別字としての芸もあるため、芸術・技芸系だけ語単位で藝へ戻す。,https://kanji.jitenon.jp/ / https://kokugo.jitenon.jp/ / https://kakijun.com/,一字置換ではなく、語単位・最長一致の実行辞書として扱う。
MTO-0201,多対一・芸系,芸事,藝事,芸,藝,芸術・技芸系,TRUE,FALSE,芸は藝の新字体として使われる一方、別字としての芸もあるため、芸術・技芸系だけ語単位で藝へ戻す。,https://kanji.jitenon.jp/ / https://kokugo.jitenon.jp/ / https://kakijun.com/,一字置換ではなく、語単位・最長一致の実行辞書として扱う。
MTO-0198,多対一・芸系,芸者,藝者,芸,藝,芸術・技芸系,TRUE,FALSE,芸は藝の新字体として使われる一方、別字としての芸もあるため、芸術・技芸系だけ語単位で藝へ戻す。,https://kanji.jitenon.jp/ / https://kokugo.jitenon.jp/ / https://kakijun.com/,一字置換ではなく、語単位・最長一致の実行辞書として扱う。
MTO-0190,多対一・芸系,芸術,藝術,芸,藝,芸術・技芸系,TRUE,FALSE,芸は藝の新字体として使われる一方、別字としての芸もあるため、芸術・技芸系だけ語単位で藝へ戻す。,https://kanji.jitenon.jp/ / https://kokugo.jitenon.jp/ / https://kakijun.com/,一字置換ではなく、語単位・最長一致の実行辞書として扱う。
MTO-0195,多対一・芸系,芸人,藝人,芸,藝,芸術・技芸系,TRUE,FALSE,芸は藝の新字体として使われる一方、別字としての芸もあるため、芸術・技芸系だけ語単位で藝へ戻す。,https://kanji.jitenon.jp/ / https://kokugo.jitenon.jp/ / https://kakijun.com/,一字置換ではなく、語単位・最長一致の実行辞書として扱う。
MTO-0197,多対一・芸系,芸大,藝大,芸,藝,芸術・技芸系,TRUE,FALSE,芸は藝の新字体として使われる一方、別字としての芸もあるため、芸術・技芸系だけ語単位で藝へ戻す。,https://kanji.jitenon.jp/ / https://kokugo.jitenon.jp/ / https://kakijun.com/,一字置換ではなく、語単位・最長一致の実行辞書として扱う。
MTO-0208,多対一・芸系,芸談,藝談,芸,藝,芸術・技芸系,TRUE,FALSE,芸は藝の新字体として使われる一方、別字としての芸もあるため、芸術・技芸系だけ語単位で藝へ戻す。,https://kanji.jitenon.jp/ / https://kokugo.jitenon.jp/ / https://kakijun.com/,一字置換ではなく、語単位・最長一致の実行辞書として扱う。
MTO-0200,多対一・芸系,芸道,藝道,芸,藝,芸術・技芸系,TRUE,FALSE,芸は藝の新字体として使われる一方、別字としての芸もあるため、芸術・技芸系だけ語単位で藝へ戻す。,https://kanji.jitenon.jp/ / https://kokugo.jitenon.jp/ / https://kakijun.com/,一字置換ではなく、語単位・最長一致の実行辞書として扱う。
MTO-0191,多対一・芸系,芸能,藝能,芸,藝,芸術・技芸系,TRUE,FALSE,芸は藝の新字体として使われる一方、別字としての芸もあるため、芸術・技芸系だけ語単位で藝へ戻す。,https://kanji.jitenon.jp/ / https://kokugo.jitenon.jp/ / https://kakijun.com/,一字置換ではなく、語単位・最長一致の実行辞書として扱う。
MTO-0199,多対一・芸系,芸風,藝風,芸,藝,芸術・技芸系,TRUE,FALSE,芸は藝の新字体として使われる一方、別字としての芸もあるため、芸術・技芸系だけ語単位で藝へ戻す。,https://kanji.jitenon.jp/ / https://kokugo.jitenon.jp/ / https://kakijun.com/,一字置換ではなく、語単位・最長一致の実行辞書として扱う。
MTO-0196,多対一・芸系,芸名,藝名,芸,藝,芸術・技芸系,TRUE,FALSE,芸は藝の新字体として使われる一方、別字としての芸もあるため、芸術・技芸系だけ語単位で藝へ戻す。,https://kanji.jitenon.jp/ / https://kokugo.jitenon.jp/ / https://kakijun.com/,一字置換ではなく、語単位・最長一致の実行辞書として扱う。
MTO-0225,多対一・欠系,欠員,缺員,欠,缺,欠乏・欠席・欠損系,TRUE,FALSE,欠は旧字缺の新字体として使われるが、欠伸など欠本来字と衝突するため、欠乏・欠席系だけ語単位で缺へ戻す。,https://kanji.jitenon.jp/ / https://kokugo.jitenon.jp/ / https://kakijun.com/,一字置換ではなく、語単位・最長一致の実行辞書として扱う。
MTO-0237,多対一・欠系,欠課,缺課,欠,缺,欠乏・欠席・欠損系,TRUE,FALSE,欠は旧字缺の新字体として使われるが、欠伸など欠本来字と衝突するため、欠乏・欠席系だけ語単位で缺へ戻す。,https://kanji.jitenon.jp/ / https://kokugo.jitenon.jp/ / https://kakijun.com/,一字置換ではなく、語単位・最長一致の実行辞書として扱う。
MTO-0242,多対一・欠系,欠画,缺畫,欠,缺,欠乏・欠席・欠損系,TRUE,FALSE,欠は旧字缺の新字体として使われるが、欠伸など欠本来字と衝突するため、欠乏・欠席系だけ語単位で缺へ戻す。,https://kanji.jitenon.jp/ / https://kokugo.jitenon.jp/ / https://kakijun.com/,一字置換ではなく、語単位・最長一致の実行辞書として扱う。
MTO-0226,多対一・欠系,欠格,缺格,欠,缺,欠乏・欠席・欠損系,TRUE,FALSE,欠は旧字缺の新字体として使われるが、欠伸など欠本来字と衝突するため、欠乏・欠席系だけ語単位で缺へ戻す。,https://kanji.jitenon.jp/ / https://kokugo.jitenon.jp/ / https://kakijun.com/,一字置換ではなく、語単位・最長一致の実行辞書として扱う。
MTO-0241,多対一・欠系,欠巻,缺卷,欠,缺,欠乏・欠席・欠損系,TRUE,FALSE,欠は旧字缺の新字体として使われるが、欠伸など欠本来字と衝突するため、欠乏・欠席系だけ語単位で缺へ戻す。,https://kanji.jitenon.jp/ / https://kokugo.jitenon.jp/ / https://kakijun.com/,一字置換ではなく、語単位・最長一致の実行辞書として扱う。
MTO-0227,多対一・欠系,欠陥,缺陷,欠,缺,欠乏・欠席・欠損系,TRUE,FALSE,欠は旧字缺の新字体として使われるが、欠伸など欠本来字と衝突するため、欠乏・欠席系だけ語単位で缺へ戻す。,https://kanji.jitenon.jp/ / https://kokugo.jitenon.jp/ / https://kakijun.com/,一字置換ではなく、語単位・最長一致の実行辞書として扱う。
MTO-0222,多対一・欠系,欠勤,缺勤,欠,缺,欠乏・欠席・欠損系,TRUE,FALSE,欠は旧字缺の新字体として使われるが、欠伸など欠本来字と衝突するため、欠乏・欠席系だけ語単位で缺へ戻す。,https://kanji.jitenon.jp/ / https://kokugo.jitenon.jp/ / https://kakijun.com/,一字置換ではなく、語単位・最長一致の実行辞書として扱う。
MTO-0223,多対一・欠系,欠航,缺航,欠,缺,欠乏・欠席・欠損系,TRUE,FALSE,欠は旧字缺の新字体として使われるが、欠伸など欠本来字と衝突するため、欠乏・欠席系だけ語単位で缺へ戻す。,https://kanji.jitenon.jp/ / https://kokugo.jitenon.jp/ / https://kakijun.com/,一字置換ではなく、語単位・最長一致の実行辞書として扱う。
MTO-0243,多対一・欠系,欠刻,缺刻,欠,缺,欠乏・欠席・欠損系,TRUE,FALSE,欠は旧字缺の新字体として使われるが、欠伸など欠本来字と衝突するため、欠乏・欠席系だけ語単位で缺へ戻す。,https://kanji.jitenon.jp/ / https://kokugo.jitenon.jp/ / https://kakijun.com/,一字置換ではなく、語単位・最長一致の実行辞書として扱う。
MTO-0233,多対一・欠系,欠字,缺字,欠,缺,欠乏・欠席・欠損系,TRUE,FALSE,欠は旧字缺の新字体として使われるが、欠伸など欠本来字と衝突するため、欠乏・欠席系だけ語単位で缺へ戻す。,https://kanji.jitenon.jp/ / https://kokugo.jitenon.jp/ / https://kakijun.com/,一字置換ではなく、語単位・最長一致の実行辞書として扱う。
MTO-0239,多対一・欠系,欠車,缺車,欠,缺,欠乏・欠席・欠損系,TRUE,FALSE,欠は旧字缺の新字体として使われるが、欠伸など欠本来字と衝突するため、欠乏・欠席系だけ語単位で缺へ戻す。,https://kanji.jitenon.jp/ / https://kokugo.jitenon.jp/ / https://kakijun.com/,一字置換ではなく、語単位・最長一致の実行辞書として扱う。
MTO-0238,多対一・欠系,欠場,缺場,欠,缺,欠乏・欠席・欠損系,TRUE,FALSE,欠は旧字缺の新字体として使われるが、欠伸など欠本来字と衝突するため、欠乏・欠席系だけ語単位で缺へ戻す。,https://kanji.jitenon.jp/ / https://kokugo.jitenon.jp/ / https://kakijun.com/,一字置換ではなく、語単位・最長一致の実行辞書として扱う。
MTO-0244,多対一・欠系,欠食,缺食,欠,缺,欠乏・欠席・欠損系,TRUE,FALSE,欠は旧字缺の新字体として使われるが、欠伸など欠本来字と衝突するため、欠乏・欠席系だけ語単位で缺へ戻す。,https://kanji.jitenon.jp/ / https://kokugo.jitenon.jp/ / https://kakijun.com/,一字置換ではなく、語単位・最長一致の実行辞書として扱う。
MTO-0221,多対一・欠系,欠席,缺席,欠,缺,欠乏・欠席・欠損系,TRUE,FALSE,欠は旧字缺の新字体として使われるが、欠伸など欠本来字と衝突するため、欠乏・欠席系だけ語単位で缺へ戻す。,https://kanji.jitenon.jp/ / https://kokugo.jitenon.jp/ / https://kakijun.com/,一字置換ではなく、語単位・最長一致の実行辞書として扱う。
MTO-0245,多対一・欠系,欠測,缺測,欠,缺,欠乏・欠席・欠損系,TRUE,FALSE,欠は旧字缺の新字体として使われるが、欠伸など欠本来字と衝突するため、欠乏・欠席系だけ語単位で缺へ戻す。,https://kanji.jitenon.jp/ / https://kokugo.jitenon.jp/ / https://kakijun.com/,一字置換ではなく、語単位・最長一致の実行辞書として扱う。
MTO-0229,多対一・欠系,欠損,缺損,欠,缺,欠乏・欠席・欠損系,TRUE,FALSE,欠は旧字缺の新字体として使われるが、欠伸など欠本来字と衝突するため、欠乏・欠席系だけ語単位で缺へ戻す。,https://kanji.jitenon.jp/ / https://kokugo.jitenon.jp/ / https://kakijun.com/,一字置換ではなく、語単位・最長一致の実行辞書として扱う。
MTO-0228,多対一・欠系,欠点,缺點,欠,缺,欠乏・欠席・欠損系,TRUE,FALSE,欠は旧字缺の新字体として使われるが、欠伸など欠本来字と衝突するため、欠乏・欠席系だけ語単位で缺へ戻す。,https://kanji.jitenon.jp/ / https://kokugo.jitenon.jp/ / https://kakijun.com/,一字置換ではなく、語単位・最長一致の実行辞書として扱う。
MTO-0230,多対一・欠系,欠如,缺如,欠,缺,欠乏・欠席・欠損系,TRUE,FALSE,欠は旧字缺の新字体として使われるが、欠伸など欠本来字と衝突するため、欠乏・欠席系だけ語単位で缺へ戻す。,https://kanji.jitenon.jp/ / https://kokugo.jitenon.jp/ / https://kakijun.com/,一字置換ではなく、語単位・最長一致の実行辞書として扱う。
MTO-0235,多対一・欠系,欠配,缺配,欠,缺,欠乏・欠席・欠損系,TRUE,FALSE,欠は旧字缺の新字体として使われるが、欠伸など欠本来字と衝突するため、欠乏・欠席系だけ語単位で缺へ戻す。,https://kanji.jitenon.jp/ / https://kokugo.jitenon.jp/ / https://kakijun.com/,一字置換ではなく、語単位・最長一致の実行辞書として扱う。
MTO-0224,多対一・欠系,欠番,缺番,欠,缺,欠乏・欠席・欠損系,TRUE,FALSE,欠は旧字缺の新字体として使われるが、欠伸など欠本来字と衝突するため、欠乏・欠席系だけ語単位で缺へ戻す。,https://kanji.jitenon.jp/ / https://kokugo.jitenon.jp/ / https://kakijun.com/,一字置換ではなく、語単位・最長一致の実行辞書として扱う。
MTO-0234,多対一・欠系,欠文,缺文,欠,缺,欠乏・欠席・欠損系,TRUE,FALSE,欠は旧字缺の新字体として使われるが、欠伸など欠本来字と衝突するため、欠乏・欠席系だけ語単位で缺へ戻す。,https://kanji.jitenon.jp/ / https://kokugo.jitenon.jp/ / https://kakijun.com/,一字置換ではなく、語単位・最長一致の実行辞書として扱う。
MTO-0232,多対一・欠系,欠乏,缺乏,欠,缺,欠乏・欠席・欠損系,TRUE,FALSE,欠は旧字缺の新字体として使われるが、欠伸など欠本来字と衝突するため、欠乏・欠席系だけ語単位で缺へ戻す。,https://kanji.jitenon.jp/ / https://kokugo.jitenon.jp/ / https://kakijun.com/,一字置換ではなく、語単位・最長一致の実行辞書として扱う。
MTO-0240,多対一・欠系,欠本,缺本,欠,缺,欠乏・欠席・欠損系,TRUE,FALSE,欠は旧字缺の新字体として使われるが、欠伸など欠本来字と衝突するため、欠乏・欠席系だけ語単位で缺へ戻す。,https://kanji.jitenon.jp/ / https://kokugo.jitenon.jp/ / https://kakijun.com/,一字置換ではなく、語単位・最長一致の実行辞書として扱う。
MTO-0231,多対一・欠系,欠落,缺落,欠,缺,欠乏・欠席・欠損系,TRUE,FALSE,欠は旧字缺の新字体として使われるが、欠伸など欠本来字と衝突するため、欠乏・欠席系だけ語単位で缺へ戻す。,https://kanji.jitenon.jp/ / https://kokugo.jitenon.jp/ / https://kakijun.com/,一字置換ではなく、語単位・最長一致の実行辞書として扱う。
MTO-0236,多対一・欠系,欠礼,缺禮,欠,缺,欠乏・欠席・欠損系,TRUE,FALSE,欠は旧字缺の新字体として使われるが、欠伸など欠本来字と衝突するため、欠乏・欠席系だけ語単位で缺へ戻す。,https://kanji.jitenon.jp/ / https://kokugo.jitenon.jp/ / https://kakijun.com/,一字置換ではなく、語単位・最長一致の実行辞書として扱う。
MTO-0303,非旧字体・注註系,原注,原註,注,註,注記・注釈系,TRUE,FALSE,註は注の旧字体ではなく注記・注釈系の別字・異表記であるため、一字対応ではなく語単位で扱う。,https://kanji.jitenon.jp/ / https://kokugo.jitenon.jp/ / https://kakijun.com/,一字置換ではなく、語単位・最長一致の実行辞書として扱う。
MTO-0251,多対一・欠系,公欠,公缺,欠,缺,欠乏・欠席・欠損系,TRUE,FALSE,欠は旧字缺の新字体として使われるが、欠伸など欠本来字と衝突するため、欠乏・欠席系だけ語単位で缺へ戻す。,https://kanji.jitenon.jp/ / https://kokugo.jitenon.jp/ / https://kakijun.com/,一字置換ではなく、語単位・最長一致の実行辞書として扱う。
MTO-0023,多対一・弁系,口弁,口辯,弁,辯,言語・弁論系,TRUE,FALSE,弁は辯・辨・瓣・弁を吸収するため、言語・論駁・弁明系は辯に限定して熟語登録。,https://kanji.jitenon.jp/ / https://kokugo.jitenon.jp/ / https://kakijun.com/,一字置換ではなく、語単位・最長一致の実行辞書として扱う。
MTO-0193,多対一・芸系,工芸,工藝,芸,藝,芸術・技芸系,TRUE,FALSE,芸は藝の新字体として使われる一方、別字としての芸もあるため、芸術・技芸系だけ語単位で藝へ戻す。,https://kanji.jitenon.jp/ / https://kokugo.jitenon.jp/ / https://kakijun.com/,一字置換ではなく、語単位・最長一致の実行辞書として扱う。
MTO-0007,多対一・弁系,抗弁,抗辯,弁,辯,言語・弁論系,TRUE,FALSE,弁は辯・辨・瓣・弁を吸収するため、言語・論駁・弁明系は辯に限定して熟語登録。,https://kanji.jitenon.jp/ / https://kokugo.jitenon.jp/ / https://kakijun.com/,一字置換ではなく、語単位・最長一致の実行辞書として扱う。
MTO-0161,多対一・台系,高台,高臺,台,臺,台座・舞台・地名系,TRUE,FALSE,台は臺・颱・台を吸収するため、台風だけ颱、台座・舞台・台湾系は臺に分岐する。,https://kanji.jitenon.jp/ / https://kokugo.jitenon.jp/ / https://kakijun.com/,一字置換ではなく、語単位・最長一致の実行辞書として扱う。
MTO-0060,多対一・弁系,合弁花,合瓣花,弁,瓣,花弁・弁膜・バルブ系,TRUE,FALSE,花びら・弁膜・バルブ系は瓣であり、言語系の辯や識別系の辨と分岐する。,https://kanji.jitenon.jp/ / https://kokugo.jitenon.jp/ / https://kakijun.com/,一字置換ではなく、語単位・最長一致の実行辞書として扱う。
MTO-0257,多対一・虫系,昆虫,昆蟲,虫,蟲/蛔,昆虫・虫類系,TRUE,FALSE,虫は蟲の新字体的に用いられるが、古典字としての虫もあるため、虫類・昆虫系だけ語単位で戻す。,https://kanji.jitenon.jp/ / https://kokugo.jitenon.jp/ / https://kakijun.com/,一字置換ではなく、語単位・最長一致の実行辞書として扱う。
MTO-0261,多対一・虫系,殺虫,殺蟲,虫,蟲/蛔,昆虫・虫類系,TRUE,FALSE,虫は蟲の新字体的に用いられるが、古典字としての虫もあるため、虫類・昆虫系だけ語単位で戻す。,https://kanji.jitenon.jp/ / https://kokugo.jitenon.jp/ / https://kakijun.com/,一字置換ではなく、語単位・最長一致の実行辞書として扱う。
MTO-0143,多対一・余系,残余,殘餘,余,餘,残余・剰余系,TRUE,FALSE,複合語・成句内の余は餘側だが、単独の余は一人称にもなるため熟語登録に限定。,https://kanji.jitenon.jp/ / https://kokugo.jitenon.jp/ / https://kakijun.com/,一字置換ではなく、語単位・最長一致の実行辞書として扱う。
MTO-0037,多対一・弁系,思弁,思辨,弁,辨,識別・処理系,TRUE,FALSE,区別・識別・処理・弁済系は辨に寄せる必要があるため、弁一字では復元不可。,https://kanji.jitenon.jp/ / https://kokugo.jitenon.jp/ / https://kakijun.com/,一字置換ではなく、語単位・最長一致の実行辞書として扱う。
MTO-0305,非旧字体・注註系,自注,自註,注,註,注記・注釈系,TRUE,FALSE,註は注の旧字体ではなく注記・注釈系の別字・異表記であるため、一字対応ではなく語単位で扱う。,https://kanji.jitenon.jp/ / https://kokugo.jitenon.jp/ / https://kakijun.com/,一字置換ではなく、語単位・最長一致の実行辞書として扱う。
MTO-0039,多対一・弁系,識弁,識辨,弁,辨,識別・処理系,TRUE,FALSE,区別・識別・処理・弁済系は辨に寄せる必要があるため、弁一字では復元不可。,https://kanji.jitenon.jp/ / https://kokugo.jitenon.jp/ / https://kakijun.com/,一字置換ではなく、語単位・最長一致の実行辞書として扱う。
MTO-0180,多対一・台系,車一台,車一臺,台,臺,台座・舞台・地名系,TRUE,FALSE,台は臺・颱・台を吸収するため、台風だけ颱、台座・舞台・台湾系は臺に分岐する。,https://kanji.jitenon.jp/ / https://kokugo.jitenon.jp/ / https://kakijun.com/,一字置換ではなく、語単位・最長一致の実行辞書として扱う。
MTO-0159,多対一・台系,車台,車臺,台,臺,台座・舞台・地名系,TRUE,FALSE,台は臺・颱・台を吸収するため、台風だけ颱、台座・舞台・台湾系は臺に分岐する。,https://kanji.jitenon.jp/ / https://kokugo.jitenon.jp/ / https://kakijun.com/,一字置換ではなく、語単位・最長一致の実行辞書として扱う。
MTO-0265,多対一・虫系,弱虫,弱蟲,虫,蟲/蛔,昆虫・虫類系,TRUE,FALSE,虫は蟲の新字体的に用いられるが、古典字としての虫もあるため、虫類・昆虫系だけ語単位で戻す。,https://kanji.jitenon.jp/ / https://kokugo.jitenon.jp/ / https://kakijun.com/,一字置換ではなく、語単位・最長一致の実行辞書として扱う。
MTO-0202,多対一・芸系,手芸,手藝,芸,藝,芸術・技芸系,TRUE,FALSE,芸は藝の新字体として使われる一方、別字としての芸もあるため、芸術・技芸系だけ語単位で藝へ戻す。,https://kanji.jitenon.jp/ / https://kokugo.jitenon.jp/ / https://kakijun.com/,一字置換ではなく、語単位・最長一致の実行辞書として扱う。
MTO-0058,多対一・弁系,重弁,重瓣,弁,瓣,花弁・弁膜・バルブ系,TRUE,FALSE,花びら・弁膜・バルブ系は瓣であり、言語系の辯や識別系の辨と分岐する。,https://kanji.jitenon.jp/ / https://kokugo.jitenon.jp/ / https://kakijun.com/,一字置換ではなく、語単位・最長一致の実行辞書として扱う。
MTO-0249,多対一・欠系,出欠,出缺,欠,缺,欠乏・欠席・欠損系,TRUE,FALSE,欠は旧字缺の新字体として使われるが、欠伸など欠本来字と衝突するため、欠乏・欠席系だけ語単位で缺へ戻す。,https://kanji.jitenon.jp/ / https://kokugo.jitenon.jp/ / https://kakijun.com/,一字置換ではなく、語単位・最長一致の実行辞書として扱う。
MTO-0219,多対一・芸系,書芸,書藝,芸,藝,芸術・技芸系,TRUE,FALSE,芸は藝の新字体として使われる一方、別字としての芸もあるため、芸術・技芸系だけ語単位で藝へ戻す。,https://kanji.jitenon.jp/ / https://kokugo.jitenon.jp/ / https://kakijun.com/,一字置換ではなく、語単位・最長一致の実行辞書として扱う。
MTO-0213,多対一・芸系,諸芸,諸藝,芸,藝,芸術・技芸系,TRUE,FALSE,芸は藝の新字体として使われる一方、別字としての芸もあるため、芸術・技芸系だけ語単位で藝へ戻す。,https://kanji.jitenon.jp/ / https://kokugo.jitenon.jp/ / https://kakijun.com/,一字置換ではなく、語単位・最長一致の実行辞書として扱う。
MTO-0142,多対一・余系,剰余,剩餘,余,餘,残余・剰余系,TRUE,FALSE,複合語・成句内の余は餘側だが、単独の余は一人称にもなるため熟語登録に限定。,https://kanji.jitenon.jp/ / https://kokugo.jitenon.jp/ / https://kakijun.com/,一字置換ではなく、語単位・最長一致の実行辞書として扱う。
MTO-0158,多対一・台系,寝台,寝臺,台,臺,台座・舞台・地名系,TRUE,FALSE,台は臺・颱・台を吸収するため、台風だけ颱、台座・舞台・台湾系は臺に分岐する。,https://kanji.jitenon.jp/ / https://kokugo.jitenon.jp/ / https://kakijun.com/,一字置換ではなく、語単位・最長一致の実行辞書として扱う。
MTO-0046,多対一・弁系,心臓弁,心臟瓣,弁,瓣,花弁・弁膜・バルブ系,TRUE,FALSE,花びら・弁膜・バルブ系は瓣であり、言語系の辯や識別系の辨と分岐する。,https://kanji.jitenon.jp/ / https://kokugo.jitenon.jp/ / https://kakijun.com/,一字置換ではなく、語単位・最長一致の実行辞書として扱う。
MTO-0279,多対一・虫系,水虫,水蟲,虫,蟲/蛔,昆虫・虫類系,TRUE,FALSE,虫は蟲の新字体的に用いられるが、古典字としての虫もあるため、虫類・昆虫系だけ語単位で戻す。,https://kanji.jitenon.jp/ / https://kokugo.jitenon.jp/ / https://kakijun.com/,一字置換ではなく、語単位・最長一致の実行辞書として扱う。
MTO-0179,多対一・台系,数台,數臺,台,臺,台座・舞台・地名系,TRUE,FALSE,台は臺・颱・台を吸収するため、台風だけ颱、台座・舞台・台湾系は臺に分岐する。,https://kanji.jitenon.jp/ / https://kokugo.jitenon.jp/ / https://kakijun.com/,一字置換ではなく、語単位・最長一致の実行辞書として扱う。
MTO-0259,多対一・虫系,成虫,成蟲,虫,蟲/蛔,昆虫・虫類系,TRUE,FALSE,虫は蟲の新字体的に用いられるが、古典字としての虫もあるため、虫類・昆虫系だけ語単位で戻す。,https://kanji.jitenon.jp/ / https://kokugo.jitenon.jp/ / https://kakijun.com/,一字置換ではなく、語単位・最長一致の実行辞書として扱う。
MTO-0289,多対一・缶系,製缶,製罐,缶,罐,容器・缶詰系,TRUE,FALSE,缶は罐の簡略表記として使われる一方、缶字自体もあるため、容器語だけ語単位で罐へ戻す。,https://kanji.jitenon.jp/ / https://kokugo.jitenon.jp/ / https://kakijun.com/,一字置換ではなく、語単位・最長一致の実行辞書として扱う。
MTO-0048,多対一・弁系,静脈弁,靜脈瓣,弁,瓣,花弁・弁膜・バルブ系,TRUE,FALSE,花びら・弁膜・バルブ系は瓣であり、言語系の辯や識別系の辨と分岐する。,https://kanji.jitenon.jp/ / https://kokugo.jitenon.jp/ / https://kakijun.com/,一字置換ではなく、語単位・最長一致の実行辞書として扱う。
MTO-0294,多対一・缶系,石油缶,石油罐,缶,罐,容器・缶詰系,TRUE,FALSE,缶は罐の簡略表記として使われる一方、缶字自体もあるため、容器語だけ語単位で罐へ戻す。,https://kanji.jitenon.jp/ / https://kokugo.jitenon.jp/ / https://kakijun.com/,一字置換ではなく、語単位・最長一致の実行辞書として扱う。
MTO-0252,多対一・欠系,全欠,全缺,欠,缺,欠乏・欠席・欠損系,TRUE,FALSE,欠は旧字缺の新字体として使われるが、欠伸など欠本来字と衝突するため、欠乏・欠席系だけ語単位で缺へ戻す。,https://kanji.jitenon.jp/ / https://kokugo.jitenon.jp/ / https://kakijun.com/,一字置換ではなく、語単位・最長一致の実行辞書として扱う。
MTO-0045,多対一・弁系,僧帽弁,僧帽瓣,弁,瓣,花弁・弁膜・バルブ系,TRUE,FALSE,花びら・弁膜・バルブ系は瓣であり、言語系の辯や識別系の辨と分岐する。,https://kanji.jitenon.jp/ / https://kokugo.jitenon.jp/ / https://kakijun.com/,一字置換ではなく、語単位・最長一致の実行辞書として扱う。
MTO-0214,多対一・芸系,多芸,多藝,芸,藝,芸術・技芸系,TRUE,FALSE,芸は藝の新字体として使われる一方、別字としての芸もあるため、芸術・技芸系だけ語単位で藝へ戻す。,https://kanji.jitenon.jp/ / https://kokugo.jitenon.jp/ / https://kakijun.com/,一字置換ではなく、語単位・最長一致の実行辞書として扱う。
MTO-0010,多対一・弁系,多弁,多辯,弁,辯,言語・弁論系,TRUE,FALSE,弁は辯・辨・瓣・弁を吸収するため、言語・論駁・弁明系は辯に限定して熟語登録。,https://kanji.jitenon.jp/ / https://kokugo.jitenon.jp/ / https://kakijun.com/,一字置換ではなく、語単位・最長一致の実行辞書として扱う。
MTO-0014,多対一・弁系,代弁,代辯,弁,辯,言語・弁論系,TRUE,FALSE,弁は辯・辨・瓣・弁を吸収するため、言語・論駁・弁明系は辯に限定して熟語登録。,https://kanji.jitenon.jp/ / https://kokugo.jitenon.jp/ / https://kakijun.com/,一字置換ではなく、語単位・最長一致の実行辞書として扱う。
MTO-0165,多対一・台系,台閣,臺閣,台,臺,台座・舞台・地名系,TRUE,FALSE,台は臺・颱・台を吸収するため、台風だけ颱、台座・舞台・台湾系は臺に分岐する。,https://kanji.jitenon.jp/ / https://kokugo.jitenon.jp/ / https://kakijun.com/,一字置換ではなく、語単位・最長一致の実行辞書として扱う。
MTO-0162,多対一・台系,台形,臺形,台,臺,台座・舞台・地名系,TRUE,FALSE,台は臺・颱・台を吸収するため、台風だけ颱、台座・舞台・台湾系は臺に分岐する。,https://kanji.jitenon.jp/ / https://kokugo.jitenon.jp/ / https://kakijun.com/,一字置換ではなく、語単位・最長一致の実行辞書として扱う。
MTO-0147,多対一・台系,台座,臺座,台,臺,台座・舞台・地名系,TRUE,FALSE,台は臺・颱・台を吸収するため、台風だけ颱、台座・舞台・台湾系は臺に分岐する。,https://kanji.jitenon.jp/ / https://kokugo.jitenon.jp/ / https://kakijun.com/,一字置換ではなく、語単位・最長一致の実行辞書として扱う。
MTO-0155,多対一・台系,台紙,臺紙,台,臺,台座・舞台・地名系,TRUE,FALSE,台は臺・颱・台を吸収するため、台風だけ颱、台座・舞台・台湾系は臺に分岐する。,https://kanji.jitenon.jp/ / https://kokugo.jitenon.jp/ / https://kakijun.com/,一字置換ではなく、語単位・最長一致の実行辞書として扱う。
MTO-0157,多対一・台系,台詞,臺詞,台,臺,台座・舞台・地名系,TRUE,FALSE,台は臺・颱・台を吸収するため、台風だけ颱、台座・舞台・台湾系は臺に分岐する。,https://kanji.jitenon.jp/ / https://kokugo.jitenon.jp/ / https://kakijun.com/,一字置換ではなく、語単位・最長一致の実行辞書として扱う。
MTO-0154,多対一・台系,台車,臺車,台,臺,台座・舞台・地名系,TRUE,FALSE,台は臺・颱・台を吸収するため、台風だけ颱、台座・舞台・台湾系は臺に分岐する。,https://kanji.jitenon.jp/ / https://kokugo.jitenon.jp/ / https://kakijun.com/,一字置換ではなく、語単位・最長一致の実行辞書として扱う。
MTO-0153,多対一・台系,台所,臺所,台,臺,台座・舞台・地名系,TRUE,FALSE,台は臺・颱・台を吸収するため、台風だけ颱、台座・舞台・台湾系は臺に分岐する。,https://kanji.jitenon.jp/ / https://kokugo.jitenon.jp/ / https://kakijun.com/,一字置換ではなく、語単位・最長一致の実行辞書として扱う。
MTO-0175,多対一・台系,台場,臺場,台,臺,台座・舞台・地名系,TRUE,FALSE,台は臺・颱・台を吸収するため、台風だけ颱、台座・舞台・台湾系は臺に分岐する。,https://kanji.jitenon.jp/ / https://kokugo.jitenon.jp/ / https://kakijun.com/,一字置換ではなく、語単位・最長一致の実行辞書として扱う。
MTO-0176,多対一・台系,台尻,臺尻,台,臺,台座・舞台・地名系,TRUE,FALSE,台は臺・颱・台を吸収するため、台風だけ颱、台座・舞台・台湾系は臺に分岐する。,https://kanji.jitenon.jp/ / https://kokugo.jitenon.jp/ / https://kakijun.com/,一字置換ではなく、語単位・最長一致の実行辞書として扱う。
MTO-0172,多対一・台系,台数,臺數,台,臺,台座・舞台・地名系,TRUE,FALSE,台は臺・颱・台を吸収するため、台風だけ颱、台座・舞台・台湾系は臺に分岐する。,https://kanji.jitenon.jp/ / https://kokugo.jitenon.jp/ / https://kakijun.com/,一字置換ではなく、語単位・最長一致の実行辞書として扱う。
MTO-0168,多対一・台系,台石,臺石,台,臺,台座・舞台・地名系,TRUE,FALSE,台は臺・颱・台を吸収するため、台風だけ颱、台座・舞台・台湾系は臺に分岐する。,https://kanji.jitenon.jp/ / https://kokugo.jitenon.jp/ / https://kakijun.com/,一字置換ではなく、語単位・最長一致の実行辞書として扱う。
MTO-0146,多対一・台系,台地,臺地,台,臺,台座・舞台・地名系,TRUE,FALSE,台は臺・颱・台を吸収するため、台風だけ颱、台座・舞台・台湾系は臺に分岐する。,https://kanji.jitenon.jp/ / https://kokugo.jitenon.jp/ / https://kakijun.com/,一字置換ではなく、語単位・最長一致の実行辞書として扱う。
MTO-0183,多対一・台系,台中,臺中,台,臺,台座・舞台・地名系,TRUE,FALSE,台は臺・颱・台を吸収するため、台風だけ颱、台座・舞台・台湾系は臺に分岐する。,https://kanji.jitenon.jp/ / https://kokugo.jitenon.jp/ / https://kakijun.com/,一字置換ではなく、語単位・最長一致の実行辞書として扱う。
MTO-0148,多対一・台系,台帳,臺帳,台,臺,台座・舞台・地名系,TRUE,FALSE,台は臺・颱・台を吸収するため、台風だけ颱、台座・舞台・台湾系は臺に分岐する。,https://kanji.jitenon.jp/ / https://kokugo.jitenon.jp/ / https://kakijun.com/,一字置換ではなく、語単位・最長一致の実行辞書として扱う。
MTO-0166,多対一・台系,台鼎,臺鼎,台,臺,台座・舞台・地名系,TRUE,FALSE,台は臺・颱・台を吸収するため、台風だけ颱、台座・舞台・台湾系は臺に分岐する。,https://kanji.jitenon.jp/ / https://kokugo.jitenon.jp/ / https://kakijun.com/,一字置換ではなく、語単位・最長一致の実行辞書として扱う。
MTO-0185,多対一・台系,台東,臺東,台,臺,台座・舞台・地名系,TRUE,FALSE,台は臺・颱・台を吸収するため、台風だけ颱、台座・舞台・台湾系は臺に分岐する。,https://kanji.jitenon.jp/ / https://kokugo.jitenon.jp/ / https://kakijun.com/,一字置換ではなく、語単位・最長一致の実行辞書として扱う。
MTO-0163,多対一・台系,台頭,臺頭,台,臺,台座・舞台・地名系,TRUE,FALSE,台は臺・颱・台を吸収するため、台風だけ颱、台座・舞台・台湾系は臺に分岐する。,https://kanji.jitenon.jp/ / https://kokugo.jitenon.jp/ / https://kakijun.com/,一字置換ではなく、語単位・最長一致の実行辞書として扱う。
MTO-0184,多対一・台系,台南,臺南,台,臺,台座・舞台・地名系,TRUE,FALSE,台は臺・颱・台を吸収するため、台風だけ颱、台座・舞台・台湾系は臺に分岐する。,https://kanji.jitenon.jp/ / https://kokugo.jitenon.jp/ / https://kakijun.com/,一字置換ではなく、語単位・最長一致の実行辞書として扱う。
MTO-0173,多対一・台系,台秤,臺秤,台,臺,台座・舞台・地名系,TRUE,FALSE,台は臺・颱・台を吸収するため、台風だけ颱、台座・舞台・台湾系は臺に分岐する。,https://kanji.jitenon.jp/ / https://kokugo.jitenon.jp/ / https://kakijun.com/,一字置換ではなく、語単位・最長一致の実行辞書として扱う。
MTO-0167,多対一・台系,台盤,臺盤,台,臺,台座・舞台・地名系,TRUE,FALSE,台は臺・颱・台を吸収するため、台風だけ颱、台座・舞台・台湾系は臺に分岐する。,https://kanji.jitenon.jp/ / https://kokugo.jitenon.jp/ / https://kakijun.com/,一字置換ではなく、語単位・最長一致の実行辞書として扱う。
MTO-0186,多対一・台系,台風,颱風,台,颱,気象語,TRUE,FALSE,台風は臺ではなく颱へ戻す必要があるため、台一字変換では誤変換になる。,https://kanji.jitenon.jp/ / https://kokugo.jitenon.jp/ / https://kakijun.com/,一字置換ではなく、語単位・最長一致の実行辞書として扱う。
MTO-0182,多対一・台系,台北,臺北,台,臺,台座・舞台・地名系,TRUE,FALSE,台は臺・颱・台を吸収するため、台風だけ颱、台座・舞台・台湾系は臺に分岐する。,https://kanji.jitenon.jp/ / https://kokugo.jitenon.jp/ / https://kakijun.com/,一字置換ではなく、語単位・最長一致の実行辞書として扱う。
MTO-0156,多対一・台系,台本,臺本,台,臺,台座・舞台・地名系,TRUE,FALSE,台は臺・颱・台を吸収するため、台風だけ颱、台座・舞台・台湾系は臺に分岐する。,https://kanji.jitenon.jp/ / https://kokugo.jitenon.jp/ / https://kakijun.com/,一字置換ではなく、語単位・最長一致の実行辞書として扱う。
MTO-0171,多対一・台系,台無し,臺無し,台,臺,台座・舞台・地名系,TRUE,FALSE,台は臺・颱・台を吸収するため、台風だけ颱、台座・舞台・台湾系は臺に分岐する。,https://kanji.jitenon.jp/ / https://kokugo.jitenon.jp/ / https://kakijun.com/,一字置換ではなく、語単位・最長一致の実行辞書として扱う。
MTO-0174,多対一・台系,台網,臺網,台,臺,台座・舞台・地名系,TRUE,FALSE,台は臺・颱・台を吸収するため、台風だけ颱、台座・舞台・台湾系は臺に分岐する。,https://kanji.jitenon.jp/ / https://kokugo.jitenon.jp/ / https://kakijun.com/,一字置換ではなく、語単位・最長一致の実行辞書として扱う。
MTO-0169,多対一・台系,台木,臺木,台,臺,台座・舞台・地名系,TRUE,FALSE,台は臺・颱・台を吸収するため、台風だけ颱、台座・舞台・台湾系は臺に分岐する。,https://kanji.jitenon.jp/ / https://kokugo.jitenon.jp/ / https://kakijun.com/,一字置換ではなく、語単位・最長一致の実行辞書として扱う。
MTO-0164,多対一・台系,台覧,臺覧,台,臺,台座・舞台・地名系,TRUE,FALSE,台は臺・颱・台を吸収するため、台風だけ颱、台座・舞台・台湾系は臺に分岐する。,https://kanji.jitenon.jp/ / https://kokugo.jitenon.jp/ / https://kakijun.com/,一字置換ではなく、語単位・最長一致の実行辞書として扱う。
MTO-0177,多対一・台系,台輪,臺輪,台,臺,台座・舞台・地名系,TRUE,FALSE,台は臺・颱・台を吸収するため、台風だけ颱、台座・舞台・台湾系は臺に分岐する。,https://kanji.jitenon.jp/ / https://kokugo.jitenon.jp/ / https://kakijun.com/,一字置換ではなく、語単位・最長一致の実行辞書として扱う。
MTO-0181,多対一・台系,台湾,臺灣,台,臺,台座・舞台・地名系,TRUE,FALSE,台は臺・颱・台を吸収するため、台風だけ颱、台座・舞台・台湾系は臺に分岐する。,https://kanji.jitenon.jp/ / https://kokugo.jitenon.jp/ / https://kakijun.com/,一字置換ではなく、語単位・最長一致の実行辞書として扱う。
MTO-0170,多対一・台系,台鉋,臺鉋,台,臺,台座・舞台・地名系,TRUE,FALSE,台は臺・颱・台を吸収するため、台風だけ颱、台座・舞台・台湾系は臺に分岐する。,https://kanji.jitenon.jp/ / https://kokugo.jitenon.jp/ / https://kakijun.com/,一字置換ではなく、語単位・最長一致の実行辞書として扱う。
MTO-0047,多対一・弁系,大動脈弁,大動脈瓣,弁,瓣,花弁・弁膜・バルブ系,TRUE,FALSE,花びら・弁膜・バルブ系は瓣であり、言語系の辯や識別系の辨と分岐する。,https://kanji.jitenon.jp/ / https://kokugo.jitenon.jp/ / https://kakijun.com/,一字置換ではなく、語単位・最長一致の実行辞書として扱う。
MTO-0057,多対一・弁系,単弁,單瓣,弁,瓣,花弁・弁膜・バルブ系,TRUE,FALSE,花びら・弁膜・バルブ系は瓣であり、言語系の辯や識別系の辨と分岐する。,https://kanji.jitenon.jp/ / https://kokugo.jitenon.jp/ / https://kakijun.com/,一字置換ではなく、語単位・最長一致の実行辞書として扱う。
MTO-0217,多対一・芸系,茶芸,茶藝,芸,藝,芸術・技芸系,TRUE,FALSE,芸は藝の新字体として使われる一方、別字としての芸もあるため、芸術・技芸系だけ語単位で藝へ戻す。,https://kanji.jitenon.jp/ / https://kokugo.jitenon.jp/ / https://kakijun.com/,一字置換ではなく、語単位・最長一致の実行辞書として扱う。
MTO-0302,非旧字体・注註系,注釈,註釋,注,註,注記・注釈系,TRUE,FALSE,註は注の旧字体ではなく注記・注釈系の別字・異表記であるため、一字対応ではなく語単位で扱う。,https://kanji.jitenon.jp/ / https://kokugo.jitenon.jp/ / https://kakijun.com/,一字置換ではなく、語単位・最長一致の実行辞書として扱う。
MTO-0307,非旧字体・注註系,注釈書,註釋書,注,註,注記・注釈系,TRUE,FALSE,註は注の旧字体ではなく注記・注釈系の別字・異表記であるため、一字対応ではなく語単位で扱う。,https://kanji.jitenon.jp/ / https://kokugo.jitenon.jp/ / https://kakijun.com/,一字置換ではなく、語単位・最長一致の実行辞書として扱う。
MTO-0306,非旧字体・注註系,注本,註本,注,註,注記・注釈系,TRUE,FALSE,註は注の旧字体ではなく注記・注釈系の別字・異表記であるため、一字対応ではなく語単位で扱う。,https://kanji.jitenon.jp/ / https://kokugo.jitenon.jp/ / https://kakijun.com/,一字置換ではなく、語単位・最長一致の実行辞書として扱う。
MTO-0269,多対一・虫系,虫干し,蟲干し,虫,蟲/蛔,昆虫・虫類系,TRUE,FALSE,虫は蟲の新字体的に用いられるが、古典字としての虫もあるため、虫類・昆虫系だけ語単位で戻す。,https://kanji.jitenon.jp/ / https://kokugo.jitenon.jp/ / https://kakijun.com/,一字置換ではなく、語単位・最長一致の実行辞書として扱う。
MTO-0266,多対一・虫系,虫眼鏡,蟲眼鏡,虫,蟲/蛔,昆虫・虫類系,TRUE,FALSE,虫は蟲の新字体的に用いられるが、古典字としての虫もあるため、虫類・昆虫系だけ語単位で戻す。,https://kanji.jitenon.jp/ / https://kokugo.jitenon.jp/ / https://kakijun.com/,一字置換ではなく、語単位・最長一致の実行辞書として扱う。
MTO-0267,多対一・虫系,虫酸,蟲酸,虫,蟲/蛔,昆虫・虫類系,TRUE,FALSE,虫は蟲の新字体的に用いられるが、古典字としての虫もあるため、虫類・昆虫系だけ語単位で戻す。,https://kanji.jitenon.jp/ / https://kokugo.jitenon.jp/ / https://kakijun.com/,一字置換ではなく、語単位・最長一致の実行辞書として扱う。
MTO-0272,多対一・虫系,虫刺され,蟲刺され,虫,蟲/蛔,昆虫・虫類系,TRUE,FALSE,虫は蟲の新字体的に用いられるが、古典字としての虫もあるため、虫類・昆虫系だけ語単位で戻す。,https://kanji.jitenon.jp/ / https://kokugo.jitenon.jp/ / https://kakijun.com/,一字置換ではなく、語単位・最長一致の実行辞書として扱う。
MTO-0255,多対一・虫系,虫歯,蟲歯,虫,蟲/蛔,昆虫・虫類系,TRUE,FALSE,虫は蟲の新字体的に用いられるが、古典字としての虫もあるため、虫類・昆虫系だけ語単位で戻す。,https://kanji.jitenon.jp/ / https://kokugo.jitenon.jp/ / https://kakijun.com/,一字置換ではなく、語単位・最長一致の実行辞書として扱う。
MTO-0273,多対一・虫系,虫取り,蟲取り,虫,蟲/蛔,昆虫・虫類系,TRUE,FALSE,虫は蟲の新字体的に用いられるが、古典字としての虫もあるため、虫類・昆虫系だけ語単位で戻す。,https://kanji.jitenon.jp/ / https://kokugo.jitenon.jp/ / https://kakijun.com/,一字置換ではなく、語単位・最長一致の実行辞書として扱う。
MTO-0271,多対一・虫系,虫除け,蟲除け,虫,蟲/蛔,昆虫・虫類系,TRUE,FALSE,虫は蟲の新字体的に用いられるが、古典字としての虫もあるため、虫類・昆虫系だけ語単位で戻す。,https://kanji.jitenon.jp/ / https://kokugo.jitenon.jp/ / https://kakijun.com/,一字置換ではなく、語単位・最長一致の実行辞書として扱う。
MTO-0268,多対一・虫系,虫食い,蟲食い,虫,蟲/蛔,昆虫・虫類系,TRUE,FALSE,虫は蟲の新字体的に用いられるが、古典字としての虫もあるため、虫類・昆虫系だけ語単位で戻す。,https://kanji.jitenon.jp/ / https://kokugo.jitenon.jp/ / https://kakijun.com/,一字置換ではなく、語単位・最長一致の実行辞書として扱う。
MTO-0275,多対一・虫系,虫垂,蟲垂,虫,蟲/蛔,昆虫・虫類系,TRUE,FALSE,虫は蟲の新字体的に用いられるが、古典字としての虫もあるため、虫類・昆虫系だけ語単位で戻す。,https://kanji.jitenon.jp/ / https://kokugo.jitenon.jp/ / https://kakijun.com/,一字置換ではなく、語単位・最長一致の実行辞書として扱う。
MTO-0274,多対一・虫系,虫捕り,蟲捕り,虫,蟲/蛔,昆虫・虫類系,TRUE,FALSE,虫は蟲の新字体的に用いられるが、古典字としての虫もあるため、虫類・昆虫系だけ語単位で戻す。,https://kanji.jitenon.jp/ / https://kokugo.jitenon.jp/ / https://kakijun.com/,一字置換ではなく、語単位・最長一致の実行辞書として扱う。
MTO-0276,多対一・虫系,虫類,蟲類,虫,蟲/蛔,昆虫・虫類系,TRUE,FALSE,虫は蟲の新字体的に用いられるが、古典字としての虫もあるため、虫類・昆虫系だけ語単位で戻す。,https://kanji.jitenon.jp/ / https://kokugo.jitenon.jp/ / https://kakijun.com/,一字置換ではなく、語単位・最長一致の実行辞書として扱う。
MTO-0270,多対一・虫系,虫籠,蟲籠,虫,蟲/蛔,昆虫・虫類系,TRUE,FALSE,虫は蟲の新字体的に用いられるが、古典字としての虫もあるため、虫類・昆虫系だけ語単位で戻す。,https://kanji.jitenon.jp/ / https://kokugo.jitenon.jp/ / https://kakijun.com/,一字置換ではなく、語単位・最長一致の実行辞書として扱う。
MTO-0050,多対一・弁系,調整弁,調整瓣,弁,瓣,花弁・弁膜・バルブ系,TRUE,FALSE,花びら・弁膜・バルブ系は瓣であり、言語系の辯や識別系の辨と分岐する。,https://kanji.jitenon.jp/ / https://kokugo.jitenon.jp/ / https://kakijun.com/,一字置換ではなく、語単位・最長一致の実行辞書として扱う。
MTO-0024,多対一・弁系,陳弁,陳辯,弁,辯,言語・弁論系,TRUE,FALSE,弁は辯・辨・瓣・弁を吸収するため、言語・論駁・弁明系は辯に限定して熟語登録。,https://kanji.jitenon.jp/ / https://kokugo.jitenon.jp/ / https://kakijun.com/,一字置換ではなく、語単位・最長一致の実行辞書として扱う。
MTO-0149,多対一・台系,土台,土臺,台,臺,台座・舞台・地名系,TRUE,FALSE,台は臺・颱・台を吸収するため、台風だけ颱、台座・舞台・台湾系は臺に分岐する。,https://kanji.jitenon.jp/ / https://kokugo.jitenon.jp/ / https://kakijun.com/,一字置換ではなく、語単位・最長一致の実行辞書として扱う。
MTO-0151,多対一・台系,灯台,燈臺,台,臺,台座・舞台・地名系,TRUE,FALSE,台は臺・颱・台を吸収するため、台風だけ颱、台座・舞台・台湾系は臺に分岐する。,https://kanji.jitenon.jp/ / https://kokugo.jitenon.jp/ / https://kakijun.com/,一字置換ではなく、語単位・最長一致の実行辞書として扱う。
MTO-0006,多対一・弁系,答弁,答辯,弁,辯,言語・弁論系,TRUE,FALSE,弁は辯・辨・瓣・弁を吸収するため、言語・論駁・弁明系は辯に限定して熟語登録。,https://kanji.jitenon.jp/ / https://kokugo.jitenon.jp/ / https://kakijun.com/,一字置換ではなく、語単位・最長一致の実行辞書として扱う。
MTO-0206,多対一・芸系,陶芸,陶藝,芸,藝,芸術・技芸系,TRUE,FALSE,芸は藝の新字体として使われる一方、別字としての芸もあるため、芸術・技芸系だけ語単位で藝へ戻す。,https://kanji.jitenon.jp/ / https://kokugo.jitenon.jp/ / https://kakijun.com/,一字置換ではなく、語単位・最長一致の実行辞書として扱う。
MTO-0277,多対一・虫系,毒虫,毒蟲,虫,蟲/蛔,昆虫・虫類系,TRUE,FALSE,虫は蟲の新字体的に用いられるが、古典字としての虫もあるため、虫類・昆虫系だけ語単位で戻す。,https://kanji.jitenon.jp/ / https://kokugo.jitenon.jp/ / https://kakijun.com/,一字置換ではなく、語単位・最長一致の実行辞書として扱う。
MTO-0013,多対一・弁系,熱弁,熱辯,弁,辯,言語・弁論系,TRUE,FALSE,弁は辯・辨・瓣・弁を吸収するため、言語・論駁・弁明系は辯に限定して熟語登録。,https://kanji.jitenon.jp/ / https://kokugo.jitenon.jp/ / https://kakijun.com/,一字置換ではなく、語単位・最長一致の実行辞書として扱う。
MTO-0011,多対一・弁系,能弁,能辯,弁,辯,言語・弁論系,TRUE,FALSE,弁は辯・辨・瓣・弁を吸収するため、言語・論駁・弁明系は辯に限定して熟語登録。,https://kanji.jitenon.jp/ / https://kokugo.jitenon.jp/ / https://kakijun.com/,一字置換ではなく、語単位・最長一致の実行辞書として扱う。
MTO-0218,多対一・芸系,農芸,農藝,芸,藝,芸術・技芸系,TRUE,FALSE,芸は藝の新字体として使われる一方、別字としての芸もあるため、芸術・技芸系だけ語単位で藝へ戻す。,https://kanji.jitenon.jp/ / https://kokugo.jitenon.jp/ / https://kakijun.com/,一字置換ではなく、語単位・最長一致の実行辞書として扱う。
MTO-0053,多対一・弁系,排気弁,排氣瓣,弁,瓣,花弁・弁膜・バルブ系,TRUE,FALSE,花びら・弁膜・バルブ系は瓣であり、言語系の辯や識別系の辨と分岐する。,https://kanji.jitenon.jp/ / https://kokugo.jitenon.jp/ / https://kakijun.com/,一字置換ではなく、語単位・最長一致の実行辞書として扱う。
MTO-0036,多対一・弁系,判弁,判辨,弁,辨,識別・処理系,TRUE,FALSE,区別・識別・処理・弁済系は辨に寄せる必要があるため、弁一字では復元不可。,https://kanji.jitenon.jp/ / https://kokugo.jitenon.jp/ / https://kakijun.com/,一字置換ではなく、語単位・最長一致の実行辞書として扱う。
MTO-0220,多対一・芸系,美芸,美藝,芸,藝,芸術・技芸系,TRUE,FALSE,芸は藝の新字体として使われる一方、別字としての芸もあるため、芸術・技芸系だけ語単位で藝へ戻す。,https://kanji.jitenon.jp/ / https://kokugo.jitenon.jp/ / https://kakijun.com/,一字置換ではなく、語単位・最長一致の実行辞書として扱う。
MTO-0250,多対一・欠系,病欠,病缺,欠,缺,欠乏・欠席・欠損系,TRUE,FALSE,欠は旧字缺の新字体として使われるが、欠伸など欠本来字と衝突するため、欠乏・欠席系だけ語単位で缺へ戻す。,https://kanji.jitenon.jp/ / https://kokugo.jitenon.jp/ / https://kakijun.com/,一字置換ではなく、語単位・最長一致の実行辞書として扱う。
MTO-0248,多対一・欠系,不可欠,不可缺,欠,缺,欠乏・欠席・欠損系,TRUE,FALSE,欠は旧字缺の新字体として使われるが、欠伸など欠本来字と衝突するため、欠乏・欠席系だけ語単位で缺へ戻す。,https://kanji.jitenon.jp/ / https://kokugo.jitenon.jp/ / https://kakijun.com/,一字置換ではなく、語単位・最長一致の実行辞書として扱う。
MTO-0203,多対一・芸系,武芸,武藝,芸,藝,芸術・技芸系,TRUE,FALSE,芸は藝の新字体として使われる一方、別字としての芸もあるため、芸術・技芸系だけ語単位で藝へ戻す。,https://kanji.jitenon.jp/ / https://kokugo.jitenon.jp/ / https://kakijun.com/,一字置換ではなく、語単位・最長一致の実行辞書として扱う。
MTO-0150,多対一・台系,舞台,舞臺,台,臺,台座・舞台・地名系,TRUE,FALSE,台は臺・颱・台を吸収するため、台風だけ颱、台座・舞台・台湾系は臺に分岐する。,https://kanji.jitenon.jp/ / https://kokugo.jitenon.jp/ / https://kakijun.com/,一字置換ではなく、語単位・最長一致の実行辞書として扱う。
MTO-0280,多対一・虫系,腹の虫,腹の蟲,虫,蟲/蛔,昆虫・虫類系,TRUE,FALSE,虫は蟲の新字体的に用いられるが、古典字としての虫もあるため、虫類・昆虫系だけ語単位で戻す。,https://kanji.jitenon.jp/ / https://kokugo.jitenon.jp/ / https://kakijun.com/,一字置換ではなく、語単位・最長一致の実行辞書として扱う。
MTO-0035,多対一・弁系,分弁,分辨,弁,辨,識別・処理系,TRUE,FALSE,区別・識別・処理・弁済系は辨に寄せる必要があるため、弁一字では復元不可。,https://kanji.jitenon.jp/ / https://kokugo.jitenon.jp/ / https://kakijun.com/,一字置換ではなく、語単位・最長一致の実行辞書として扱う。
MTO-0194,多対一・芸系,文芸,文藝,芸,藝,芸術・技芸系,TRUE,FALSE,芸は藝の新字体として使われる一方、別字としての芸もあるため、芸術・技芸系だけ語単位で藝へ戻す。,https://kanji.jitenon.jp/ / https://kokugo.jitenon.jp/ / https://kakijun.com/,一字置換ではなく、語単位・最長一致の実行辞書として扱う。
MTO-0019,多対一・弁系,弁解,辯解,弁,辯,言語・弁論系,TRUE,FALSE,弁は辯・辨・瓣・弁を吸収するため、言語・論駁・弁明系は辯に限定して熟語登録。,https://kanji.jitenon.jp/ / https://kokugo.jitenon.jp/ / https://kakijun.com/,一字置換ではなく、語単位・最長一致の実行辞書として扱う。
MTO-0001,多対一・弁系,弁護,辯護,弁,辯,言語・弁論系,TRUE,FALSE,弁は辯・辨・瓣・弁を吸収するため、言語・論駁・弁明系は辯に限定して熟語登録。,https://kanji.jitenon.jp/ / https://kokugo.jitenon.jp/ / https://kakijun.com/,一字置換ではなく、語単位・最長一致の実行辞書として扱う。
MTO-0021,多対一・弁系,弁口,辯口,弁,辯,言語・弁論系,TRUE,FALSE,弁は辯・辨・瓣・弁を吸収するため、言語・論駁・弁明系は辯に限定して熟語登録。,https://kanji.jitenon.jp/ / https://kokugo.jitenon.jp/ / https://kakijun.com/,一字置換ではなく、語単位・最長一致の実行辞書として扱う。
MTO-0055,多対一・弁系,弁口,瓣口,弁,瓣,花弁・弁膜・バルブ系,TRUE,FALSE,花びら・弁膜・バルブ系は瓣であり、言語系の辯や識別系の辨と分岐する。,https://kanji.jitenon.jp/ / https://kokugo.jitenon.jp/ / https://kakijun.com/,一字置換ではなく、語単位・最長一致の実行辞書として扱う。
MTO-0020,多対一・弁系,弁才,辯才,弁,辯,言語・弁論系,TRUE,FALSE,弁は辯・辨・瓣・弁を吸収するため、言語・論駁・弁明系は辯に限定して熟語登録。,https://kanji.jitenon.jp/ / https://kokugo.jitenon.jp/ / https://kakijun.com/,一字置換ではなく、語単位・最長一致の実行辞書として扱う。
MTO-0030,多対一・弁系,弁済,辨濟,弁,辨,識別・処理系,TRUE,FALSE,区別・識別・処理・弁済系は辨に寄せる必要があるため、弁一字では復元不可。,https://kanji.jitenon.jp/ / https://kokugo.jitenon.jp/ / https://kakijun.com/,一字置換ではなく、語単位・最長一致の実行辞書として扱う。
MTO-0034,多対一・弁系,弁事,辨事,弁,辨,識別・処理系,TRUE,FALSE,区別・識別・処理・弁済系は辨に寄せる必要があるため、弁一字では復元不可。,https://kanji.jitenon.jp/ / https://kokugo.jitenon.jp/ / https://kakijun.com/,一字置換ではなく、語単位・最長一致の実行辞書として扱う。
MTO-0026,多対一・弁系,弁識,辨識,弁,辨,識別・処理系,TRUE,FALSE,区別・識別・処理・弁済系は辨に寄せる必要があるため、弁一字では復元不可。,https://kanji.jitenon.jp/ / https://kokugo.jitenon.jp/ / https://kakijun.com/,一字置換ではなく、語単位・最長一致の実行辞書として扱う。
MTO-0031,多対一・弁系,弁償,辨償,弁,辨,識別・処理系,TRUE,FALSE,区別・識別・処理・弁済系は辨に寄せる必要があるため、弁一字では復元不可。,https://kanji.jitenon.jp/ / https://kokugo.jitenon.jp/ / https://kakijun.com/,一字置換ではなく、語単位・最長一致の実行辞書として扱う。
MTO-0017,多対一・弁系,弁証,辯證,弁,辯,言語・弁論系,TRUE,FALSE,弁は辯・辨・瓣・弁を吸収するため、言語・論駁・弁明系は辯に限定して熟語登録。,https://kanji.jitenon.jp/ / https://kokugo.jitenon.jp/ / https://kakijun.com/,一字置換ではなく、語単位・最長一致の実行辞書として扱う。
MTO-0054,多対一・弁系,弁状,瓣狀,弁,瓣,花弁・弁膜・バルブ系,TRUE,FALSE,花びら・弁膜・バルブ系は瓣であり、言語系の辯や識別系の辨と分岐する。,https://kanji.jitenon.jp/ / https://kokugo.jitenon.jp/ / https://kakijun.com/,一字置換ではなく、語単位・最長一致の実行辞書として扱う。
MTO-0041,多対一・弁系,弁正,辨正,弁,辨,識別・処理系,TRUE,FALSE,区別・識別・処理・弁済系は辨に寄せる必要があるため、弁一字では復元不可。,https://kanji.jitenon.jp/ / https://kokugo.jitenon.jp/ / https://kakijun.com/,一字置換ではなく、語単位・最長一致の実行辞書として扱う。
MTO-0027,多対一・弁系,弁析,辨析,弁,辨,識別・処理系,TRUE,FALSE,区別・識別・処理・弁済系は辨に寄せる必要があるため、弁一字では復元不可。,https://kanji.jitenon.jp/ / https://kokugo.jitenon.jp/ / https://kakijun.com/,一字置換ではなく、語単位・最長一致の実行辞書として扱う。
MTO-0004,多対一・弁系,弁舌,辯舌,弁,辯,言語・弁論系,TRUE,FALSE,弁は辯・辨・瓣・弁を吸収するため、言語・論駁・弁明系は辯に限定して熟語登録。,https://kanji.jitenon.jp/ / https://kokugo.jitenon.jp/ / https://kakijun.com/,一字置換ではなく、語単位・最長一致の実行辞書として扱う。
MTO-0042,多対一・弁系,弁知,辨知,弁,辨,識別・処理系,TRUE,FALSE,区別・識別・処理・弁済系は辨に寄せる必要があるため、弁一字では復元不可。,https://kanji.jitenon.jp/ / https://kokugo.jitenon.jp/ / https://kakijun.com/,一字置換ではなく、語単位・最長一致の実行辞書として扱う。
MTO-0032,多対一・弁系,弁当,辨當,弁,辨,識別・処理系,TRUE,FALSE,区別・識別・処理・弁済系は辨に寄せる必要があるため、弁一字では復元不可。,https://kanji.jitenon.jp/ / https://kokugo.jitenon.jp/ / https://kakijun.com/,一字置換ではなく、語単位・最長一致の実行辞書として扱う。
MTO-0015,多対一・弁系,弁難,辯難,弁,辯,言語・弁論系,TRUE,FALSE,弁は辯・辨・瓣・弁を吸収するため、言語・論駁・弁明系は辯に限定して熟語登録。,https://kanji.jitenon.jp/ / https://kokugo.jitenon.jp/ / https://kakijun.com/,一字置換ではなく、語単位・最長一致の実行辞書として扱う。
MTO-0016,多対一・弁系,弁駁,辯駁,弁,辯,言語・弁論系,TRUE,FALSE,弁は辯・辨・瓣・弁を吸収するため、言語・論駁・弁明系は辯に限定して熟語登録。,https://kanji.jitenon.jp/ / https://kokugo.jitenon.jp/ / https://kakijun.com/,一字置換ではなく、語単位・最長一致の実行辞書として扱う。
MTO-0025,多対一・弁系,弁別,辨別,弁,辨,識別・処理系,TRUE,FALSE,区別・識別・処理・弁済系は辨に寄せる必要があるため、弁一字では復元不可。,https://kanji.jitenon.jp/ / https://kokugo.jitenon.jp/ / https://kakijun.com/,一字置換ではなく、語単位・最長一致の実行辞書として扱う。
MTO-0056,多対一・弁系,弁片,瓣片,弁,瓣,花弁・弁膜・バルブ系,TRUE,FALSE,花びら・弁膜・バルブ系は瓣であり、言語系の辯や識別系の辨と分岐する。,https://kanji.jitenon.jp/ / https://kokugo.jitenon.jp/ / https://kakijun.com/,一字置換ではなく、語単位・最長一致の実行辞書として扱う。
MTO-0044,多対一・弁系,弁膜,瓣膜,弁,瓣,花弁・弁膜・バルブ系,TRUE,FALSE,花びら・弁膜・バルブ系は瓣であり、言語系の辯や識別系の辨と分岐する。,https://kanji.jitenon.jp/ / https://kokugo.jitenon.jp/ / https://kakijun.com/,一字置換ではなく、語単位・最長一致の実行辞書として扱う。
MTO-0033,多対一・弁系,弁務,辨務,弁,辨,識別・処理系,TRUE,FALSE,区別・識別・処理・弁済系は辨に寄せる必要があるため、弁一字では復元不可。,https://kanji.jitenon.jp/ / https://kokugo.jitenon.jp/ / https://kakijun.com/,一字置換ではなく、語単位・最長一致の実行辞書として扱う。
MTO-0005,多対一・弁系,弁明,辯明,弁,辯,言語・弁論系,TRUE,FALSE,弁は辯・辨・瓣・弁を吸収するため、言語・論駁・弁明系は辯に限定して熟語登録。,https://kanji.jitenon.jp/ / https://kokugo.jitenon.jp/ / https://kakijun.com/,一字置換ではなく、語単位・最長一致の実行辞書として扱う。
MTO-0028,多対一・弁系,弁理,辨理,弁,辨,識別・処理系,TRUE,FALSE,区別・識別・処理・弁済系は辨に寄せる必要があるため、弁一字では復元不可。,https://kanji.jitenon.jp/ / https://kokugo.jitenon.jp/ / https://kakijun.com/,一字置換ではなく、語単位・最長一致の実行辞書として扱う。
MTO-0029,多対一・弁系,弁理士,辨理士,弁,辨,識別・処理系,TRUE,FALSE,区別・識別・処理・弁済系は辨に寄せる必要があるため、弁一字では復元不可。,https://kanji.jitenon.jp/ / https://kokugo.jitenon.jp/ / https://kakijun.com/,一字置換ではなく、語単位・最長一致の実行辞書として扱う。
MTO-0003,多対一・弁系,弁論,辯論,弁,辯,言語・弁論系,TRUE,FALSE,弁は辯・辨・瓣・弁を吸収するため、言語・論駁・弁明系は辯に限定して熟語登録。,https://kanji.jitenon.jp/ / https://kokugo.jitenon.jp/ / https://kakijun.com/,一字置換ではなく、語単位・最長一致の実行辞書として扱う。
MTO-0040,多対一・弁系,弁惑,辨惑,弁,辨,識別・処理系,TRUE,FALSE,区別・識別・処理・弁済系は辨に寄せる必要があるため、弁一字では復元不可。,https://kanji.jitenon.jp/ / https://kokugo.jitenon.jp/ / https://kakijun.com/,一字置換ではなく、語単位・最長一致の実行辞書として扱う。
MTO-0247,多対一・欠系,補欠,補缺,欠,缺,欠乏・欠席・欠損系,TRUE,FALSE,欠は旧字缺の新字体として使われるが、欠伸など欠本来字と衝突するため、欠乏・欠席系だけ語単位で缺へ戻す。,https://kanji.jitenon.jp/ / https://kokugo.jitenon.jp/ / https://kakijun.com/,一字置換ではなく、語単位・最長一致の実行辞書として扱う。
MTO-0152,多対一・台系,砲台,砲臺,台,臺,台座・舞台・地名系,TRUE,FALSE,台は臺・颱・台を吸収するため、台風だけ颱、台座・舞台・台湾系は臺に分岐する。,https://kanji.jitenon.jp/ / https://kokugo.jitenon.jp/ / https://kakijun.com/,一字置換ではなく、語単位・最長一致の実行辞書として扱う。
MTO-0098,多対一・予系,豊予海峡,豐豫海峽,予,豫,地名・歴史名系,TRUE,FALSE,地名・歴史名は一般語と別管理可能だが、旧表記復元では候補として保持。,https://kanji.jitenon.jp/ / https://kokugo.jitenon.jp/ / https://kakijun.com/,固有名詞寄り。自動適用可否は固有名詞モードで制御。
MTO-0260,多対一・虫系,防虫,防蟲,虫,蟲/蛔,昆虫・虫類系,TRUE,FALSE,虫は蟲の新字体的に用いられるが、古典字としての虫もあるため、虫類・昆虫系だけ語単位で戻す。,https://kanji.jitenon.jp/ / https://kokugo.jitenon.jp/ / https://kakijun.com/,一字置換ではなく、語単位・最長一致の実行辞書として扱う。
MTO-0282,多対一・虫系,本の虫,本の蟲,虫,蟲/蛔,昆虫・虫類系,TRUE,FALSE,虫は蟲の新字体的に用いられるが、古典字としての虫もあるため、虫類・昆虫系だけ語単位で戻す。,https://kanji.jitenon.jp/ / https://kokugo.jitenon.jp/ / https://kakijun.com/,一字置換ではなく、語単位・最長一致の実行辞書として扱う。
MTO-0205,多対一・芸系,民芸,民藝,芸,藝,芸術・技芸系,TRUE,FALSE,芸は藝の新字体として使われる一方、別字としての芸もあるため、芸術・技芸系だけ語単位で藝へ戻す。,https://kanji.jitenon.jp/ / https://kokugo.jitenon.jp/ / https://kakijun.com/,一字置換ではなく、語単位・最長一致の実行辞書として扱う。
MTO-0215,多対一・芸系,無芸,無藝,芸,藝,芸術・技芸系,TRUE,FALSE,芸は藝の新字体として使われる一方、別字としての芸もあるため、芸術・技芸系だけ語単位で藝へ戻す。,https://kanji.jitenon.jp/ / https://kokugo.jitenon.jp/ / https://kakijun.com/,一字置換ではなく、語単位・最長一致の実行辞書として扱う。
MTO-0253,多対一・欠系,無欠,無缺,欠,缺,欠乏・欠席・欠損系,TRUE,FALSE,欠は旧字缺の新字体として使われるが、欠伸など欠本来字と衝突するため、欠乏・欠席系だけ語単位で缺へ戻す。,https://kanji.jitenon.jp/ / https://kokugo.jitenon.jp/ / https://kakijun.com/,一字置換ではなく、語単位・最長一致の実行辞書として扱う。
MTO-0038,多対一・弁系,明弁,明辨,弁,辨,識別・処理系,TRUE,FALSE,区別・識別・処理・弁済系は辨に寄せる必要があるため、弁一字では復元不可。,https://kanji.jitenon.jp/ / https://kokugo.jitenon.jp/ / https://kakijun.com/,一字置換ではなく、語単位・最長一致の実行辞書として扱う。
MTO-0264,多対一・虫系,毛虫,毛蟲,虫,蟲/蛔,昆虫・虫類系,TRUE,FALSE,虫は蟲の新字体的に用いられるが、古典字としての虫もあるため、虫類・昆虫系だけ語単位で戻す。,https://kanji.jitenon.jp/ / https://kokugo.jitenon.jp/ / https://kakijun.com/,一字置換ではなく、語単位・最長一致の実行辞書として扱う。
MTO-0304,非旧字体・注註系,訳注,譯註,注,註,注記・注釈系,TRUE,FALSE,註は注の旧字体ではなく注記・注釈系の別字・異表記であるため、一字対応ではなく語単位で扱う。,https://kanji.jitenon.jp/ / https://kokugo.jitenon.jp/ / https://kakijun.com/,一字置換ではなく、語単位・最長一致の実行辞書として扱う。
MTO-0144,多対一・余系,有余,有餘,余,餘,残余・剰余系,TRUE,FALSE,複合語・成句内の余は餘側だが、単独の余は一人称にもなるため熟語登録に限定。,https://kanji.jitenon.jp/ / https://kokugo.jitenon.jp/ / https://kakijun.com/,一字置換ではなく、語単位・最長一致の実行辞書として扱う。
MTO-0094,多対一・予系,猶予,猶豫,予,豫,予定・予測・あらかじめ系,TRUE,FALSE,予は一人称代名詞の予と、旧字豫の新字体が衝突するため、予定・予測系だけ語単位で豫へ戻す。,https://kanji.jitenon.jp/ / https://kokugo.jitenon.jp/ / https://kakijun.com/,一字置換ではなく、語単位・最長一致の実行辞書として扱う。
MTO-0211,多対一・芸系,遊芸,遊藝,芸,藝,芸術・技芸系,TRUE,FALSE,芸は藝の新字体として使われる一方、別字としての芸もあるため、芸術・技芸系だけ語単位で藝へ戻す。,https://kanji.jitenon.jp/ / https://kokugo.jitenon.jp/ / https://kakijun.com/,一字置換ではなく、語単位・最長一致の実行辞書として扱う。
MTO-0012,多対一・弁系,雄弁,雄辯,弁,辯,言語・弁論系,TRUE,FALSE,弁は辯・辨・瓣・弁を吸収するため、言語・論駁・弁明系は辯に限定して熟語登録。,https://kanji.jitenon.jp/ / https://kokugo.jitenon.jp/ / https://kakijun.com/,一字置換ではなく、語単位・最長一致の実行辞書として扱う。
MTO-0095,多対一・予系,予め,豫め,予,豫,訓読み・あらかじめ系,TRUE,FALSE,「あらかじめ」は旧表記で豫めが確認できるが、一人称の予は戻してはいけない。,https://kanji.jitenon.jp/ / https://kokugo.jitenon.jp/ / https://kakijun.com/,一字置換ではなく、語単位・最長一致の実行辞書として扱う。
MTO-0086,多対一・予系,予価,豫価,予,豫,予定・予測・あらかじめ系,TRUE,FALSE,予は一人称代名詞の予と、旧字豫の新字体が衝突するため、予定・予測系だけ語単位で豫へ戻す。,https://kanji.jitenon.jp/ / https://kokugo.jitenon.jp/ / https://kakijun.com/,一字置換ではなく、語単位・最長一致の実行辞書として扱う。
MTO-0082,多対一・予系,予科,豫科,予,豫,予定・予測・あらかじめ系,TRUE,FALSE,予は一人称代名詞の予と、旧字豫の新字体が衝突するため、予定・予測系だけ語単位で豫へ戻す。,https://kanji.jitenon.jp/ / https://kokugo.jitenon.jp/ / https://kakijun.com/,一字置換ではなく、語単位・最長一致の実行辞書として扱う。
MTO-0073,多対一・予系,予感,豫感,予,豫,予定・予測・あらかじめ系,TRUE,FALSE,予は一人称代名詞の予と、旧字豫の新字体が衝突するため、予定・予測系だけ語単位で豫へ戻す。,https://kanji.jitenon.jp/ / https://kokugo.jitenon.jp/ / https://kakijun.com/,一字置換ではなく、語単位・最長一致の実行辞書として扱う。
MTO-0074,多対一・予系,予期,豫期,予,豫,予定・予測・あらかじめ系,TRUE,FALSE,予は一人称代名詞の予と、旧字豫の新字体が衝突するため、予定・予測系だけ語単位で豫へ戻す。,https://kanji.jitenon.jp/ / https://kokugo.jitenon.jp/ / https://kakijun.com/,一字置換ではなく、語単位・最長一致の実行辞書として扱う。
MTO-0075,多対一・予系,予見,豫見,予,豫,予定・予測・あらかじめ系,TRUE,FALSE,予は一人称代名詞の予と、旧字豫の新字体が衝突するため、予定・予測系だけ語単位で豫へ戻す。,https://kanji.jitenon.jp/ / https://kokugo.jitenon.jp/ / https://kakijun.com/,一字置換ではなく、語単位・最長一致の実行辞書として扱う。
MTO-0071,多対一・予系,予言,豫言,予,豫,予定・予測・あらかじめ系,TRUE,FALSE,予は一人称代名詞の予と、旧字豫の新字体が衝突するため、予定・予測系だけ語単位で豫へ戻す。,https://kanji.jitenon.jp/ / https://kokugo.jitenon.jp/ / https://kakijun.com/,一字置換ではなく、語単位・最長一致の実行辞書として扱う。
MTO-0080,多対一・予系,予後,豫後,予,豫,予定・予測・あらかじめ系,TRUE,FALSE,予は一人称代名詞の予と、旧字豫の新字体が衝突するため、予定・予測系だけ語単位で豫へ戻す。,https://kanji.jitenon.jp/ / https://kokugo.jitenon.jp/ / https://kakijun.com/,一字置換ではなく、語単位・最長一致の実行辞書として扱う。
MTO-0083,多対一・予系,予稿,豫稿,予,豫,予定・予測・あらかじめ系,TRUE,FALSE,予は一人称代名詞の予と、旧字豫の新字体が衝突するため、予定・予測系だけ語単位で豫へ戻す。,https://kanji.jitenon.jp/ / https://kokugo.jitenon.jp/ / https://kakijun.com/,一字置換ではなく、語単位・最長一致の実行辞書として扱う。
MTO-0088,多対一・予系,予行,豫行,予,豫,予定・予測・あらかじめ系,TRUE,FALSE,予は一人称代名詞の予と、旧字豫の新字体が衝突するため、予定・予測系だけ語単位で豫へ戻す。,https://kanji.jitenon.jp/ / https://kokugo.jitenon.jp/ / https://kakijun.com/,一字置換ではなく、語単位・最長一致の実行辞書として扱う。
MTO-0065,多対一・予系,予告,豫告,予,豫,予定・予測・あらかじめ系,TRUE,FALSE,予は一人称代名詞の予と、旧字豫の新字体が衝突するため、予定・予測系だけ語単位で豫へ戻す。,https://kanji.jitenon.jp/ / https://kokugo.jitenon.jp/ / https://kakijun.com/,一字置換ではなく、語単位・最長一致の実行辞書として扱う。
MTO-0087,多対一・予系,予察,豫察,予,豫,予定・予測・あらかじめ系,TRUE,FALSE,予は一人称代名詞の予と、旧字豫の新字体が衝突するため、予定・予測系だけ語単位で豫へ戻す。,https://kanji.jitenon.jp/ / https://kokugo.jitenon.jp/ / https://kakijun.com/,一字置換ではなく、語単位・最長一致の実行辞書として扱う。
MTO-0062,多対一・予系,予算,豫算,予,豫,予定・予測・あらかじめ系,TRUE,FALSE,予は一人称代名詞の予と、旧字豫の新字体が衝突するため、予定・予測系だけ語単位で豫へ戻す。,https://kanji.jitenon.jp/ / https://kokugo.jitenon.jp/ / https://kakijun.com/,一字置換ではなく、語単位・最長一致の実行辞書として扱う。
MTO-0092,多対一・予系,予算案,豫算案,予,豫,予定・予測・あらかじめ系,TRUE,FALSE,予は一人称代名詞の予と、旧字豫の新字体が衝突するため、予定・予測系だけ語単位で豫へ戻す。,https://kanji.jitenon.jp/ / https://kokugo.jitenon.jp/ / https://kakijun.com/,一字置換ではなく、語単位・最長一致の実行辞書として扱う。
MTO-0099,多対一・予系,予讃線,豫讚線,予,豫,地名・歴史名系,TRUE,FALSE,地名・歴史名は一般語と別管理可能だが、旧表記復元では候補として保持。,https://kanji.jitenon.jp/ / https://kokugo.jitenon.jp/ / https://kakijun.com/,固有名詞寄り。自動適用可否は固有名詞モードで制御。
MTO-0097,多対一・予系,予州,豫州,予,豫,地名・歴史名系,TRUE,FALSE,地名・歴史名は一般語と別管理可能だが、旧表記復元では候補として保持。,https://kanji.jitenon.jp/ / https://kokugo.jitenon.jp/ / https://kakijun.com/,固有名詞寄り。自動適用可否は固有名詞モードで制御。
MTO-0067,多対一・予系,予習,豫習,予,豫,予定・予測・あらかじめ系,TRUE,FALSE,予は一人称代名詞の予と、旧字豫の新字体が衝突するため、予定・予測系だけ語単位で豫へ戻す。,https://kanji.jitenon.jp/ / https://kokugo.jitenon.jp/ / https://kakijun.com/,一字置換ではなく、語単位・最長一致の実行辞書として扱う。
MTO-0090,多対一・予系,予祝,豫祝,予,豫,予定・予測・あらかじめ系,TRUE,FALSE,予は一人称代名詞の予と、旧字豫の新字体が衝突するため、予定・予測系だけ語単位で豫へ戻す。,https://kanji.jitenon.jp/ / https://kokugo.jitenon.jp/ / https://kakijun.com/,一字置換ではなく、語単位・最長一致の実行辞書として扱う。
MTO-0079,多対一・予系,予審,豫審,予,豫,予定・予測・あらかじめ系,TRUE,FALSE,予は一人称代名詞の予と、旧字豫の新字体が衝突するため、予定・予測系だけ語単位で豫へ戻す。,https://kanji.jitenon.jp/ / https://kokugo.jitenon.jp/ / https://kakijun.com/,一字置換ではなく、語単位・最長一致の実行辞書として扱う。
MTO-0084,多対一・予系,予診,豫診,予,豫,予定・予測・あらかじめ系,TRUE,FALSE,予は一人称代名詞の予と、旧字豫の新字体が衝突するため、予定・予測系だけ語単位で豫へ戻す。,https://kanji.jitenon.jp/ / https://kokugo.jitenon.jp/ / https://kakijun.com/,一字置換ではなく、語単位・最長一致の実行辞書として扱う。
MTO-0081,多対一・予系,予選,豫選,予,豫,予定・予測・あらかじめ系,TRUE,FALSE,予は一人称代名詞の予と、旧字豫の新字体が衝突するため、予定・予測系だけ語単位で豫へ戻す。,https://kanji.jitenon.jp/ / https://kokugo.jitenon.jp/ / https://kakijun.com/,一字置換ではなく、語単位・最長一致の実行辞書として扱う。
MTO-0068,多対一・予系,予想,豫想,予,豫,予定・予測・あらかじめ系,TRUE,FALSE,予は一人称代名詞の予と、旧字豫の新字体が衝突するため、予定・予測系だけ語単位で豫へ戻す。,https://kanji.jitenon.jp/ / https://kokugo.jitenon.jp/ / https://kakijun.com/,一字置換ではなく、語単位・最長一致の実行辞書として扱う。
MTO-0069,多対一・予系,予測,豫測,予,豫,予定・予測・あらかじめ系,TRUE,FALSE,予は一人称代名詞の予と、旧字豫の新字体が衝突するため、予定・予測系だけ語単位で豫へ戻す。,https://kanji.jitenon.jp/ / https://kokugo.jitenon.jp/ / https://kakijun.com/,一字置換ではなく、語単位・最長一致の実行辞書として扱う。
MTO-0076,多対一・予系,予断,豫断,予,豫,予定・予測・あらかじめ系,TRUE,FALSE,予は一人称代名詞の予と、旧字豫の新字体が衝突するため、予定・予測系だけ語単位で豫へ戻す。,https://kanji.jitenon.jp/ / https://kokugo.jitenon.jp/ / https://kakijun.com/,一字置換ではなく、語単位・最長一致の実行辞書として扱う。
MTO-0072,多対一・予系,予知,豫知,予,豫,予定・予測・あらかじめ系,TRUE,FALSE,予は一人称代名詞の予と、旧字豫の新字体が衝突するため、予定・予測系だけ語単位で豫へ戻す。,https://kanji.jitenon.jp/ / https://kokugo.jitenon.jp/ / https://kakijun.com/,一字置換ではなく、語単位・最長一致の実行辞書として扱う。
MTO-0077,多対一・予系,予兆,豫兆,予,豫,予定・予測・あらかじめ系,TRUE,FALSE,予は一人称代名詞の予と、旧字豫の新字体が衝突するため、予定・予測系だけ語単位で豫へ戻す。,https://kanji.jitenon.jp/ / https://kokugo.jitenon.jp/ / https://kakijun.com/,一字置換ではなく、語単位・最長一致の実行辞書として扱う。
MTO-0061,多対一・予系,予定,豫定,予,豫,予定・予測・あらかじめ系,TRUE,FALSE,予は一人称代名詞の予と、旧字豫の新字体が衝突するため、予定・予測系だけ語単位で豫へ戻す。,https://kanji.jitenon.jp/ / https://kokugo.jitenon.jp/ / https://kakijun.com/,一字置換ではなく、語単位・最長一致の実行辞書として扱う。
MTO-0078,多対一・予系,予熱,豫熱,予,豫,予定・予測・あらかじめ系,TRUE,FALSE,予は一人称代名詞の予と、旧字豫の新字体が衝突するため、予定・予測系だけ語単位で豫へ戻す。,https://kanji.jitenon.jp/ / https://kokugo.jitenon.jp/ / https://kakijun.com/,一字置換ではなく、語単位・最長一致の実行辞書として扱う。
MTO-0085,多対一・予系,予納,豫納,予,豫,予定・予測・あらかじめ系,TRUE,FALSE,予は一人称代名詞の予と、旧字豫の新字体が衝突するため、予定・予測系だけ語単位で豫へ戻す。,https://kanji.jitenon.jp/ / https://kokugo.jitenon.jp/ / https://kakijun.com/,一字置換ではなく、語単位・最長一致の実行辞書として扱う。
MTO-0066,多対一・予系,予備,豫備,予,豫,予定・予測・あらかじめ系,TRUE,FALSE,予は一人称代名詞の予と、旧字豫の新字体が衝突するため、予定・予測系だけ語単位で豫へ戻す。,https://kanji.jitenon.jp/ / https://kokugo.jitenon.jp/ / https://kakijun.com/,一字置換ではなく、語単位・最長一致の実行辞書として扱う。
MTO-0091,多対一・予系,予備校,豫備校,予,豫,予定・予測・あらかじめ系,TRUE,FALSE,予は一人称代名詞の予と、旧字豫の新字体が衝突するため、予定・予測系だけ語単位で豫へ戻す。,https://kanji.jitenon.jp/ / https://kokugo.jitenon.jp/ / https://kakijun.com/,一字置換ではなく、語単位・最長一致の実行辞書として扱う。
MTO-0070,多対一・予系,予報,豫報,予,豫,予定・予測・あらかじめ系,TRUE,FALSE,予は一人称代名詞の予と、旧字豫の新字体が衝突するため、予定・予測系だけ語単位で豫へ戻す。,https://kanji.jitenon.jp/ / https://kokugo.jitenon.jp/ / https://kakijun.com/,一字置換ではなく、語単位・最長一致の実行辞書として扱う。
MTO-0064,多対一・予系,予防,豫防,予,豫,予定・予測・あらかじめ系,TRUE,FALSE,予は一人称代名詞の予と、旧字豫の新字体が衝突するため、予定・予測系だけ語単位で豫へ戻す。,https://kanji.jitenon.jp/ / https://kokugo.jitenon.jp/ / https://kakijun.com/,一字置換ではなく、語単位・最長一致の実行辞書として扱う。
MTO-0063,多対一・予系,予約,豫約,予,豫,予定・予測・あらかじめ系,TRUE,FALSE,予は一人称代名詞の予と、旧字豫の新字体が衝突するため、予定・予測系だけ語単位で豫へ戻す。,https://kanji.jitenon.jp/ / https://kokugo.jitenon.jp/ / https://kakijun.com/,一字置換ではなく、語単位・最長一致の実行辞書として扱う。
MTO-0093,多対一・予系,予約語,豫約語,予,豫,予定・予測・あらかじめ系,TRUE,FALSE,予は一人称代名詞の予と、旧字豫の新字体が衝突するため、予定・予測系だけ語単位で豫へ戻す。,https://kanji.jitenon.jp/ / https://kokugo.jitenon.jp/ / https://kakijun.com/,一字置換ではなく、語単位・最長一致の実行辞書として扱う。
MTO-0089,多対一・予系,予令,豫令,予,豫,予定・予測・あらかじめ系,TRUE,FALSE,予は一人称代名詞の予と、旧字豫の新字体が衝突するため、予定・予測系だけ語単位で豫へ戻す。,https://kanji.jitenon.jp/ / https://kokugo.jitenon.jp/ / https://kakijun.com/,一字置換ではなく、語単位・最長一致の実行辞書として扱う。
MTO-0107,多対一・余系,余韻,餘韻,余,餘,余剰・余裕・残余系,TRUE,FALSE,余は一人称代名詞の余と、旧字餘の新字体が衝突するため、残余・剰余系だけ語単位で餘へ戻す。,https://kanji.jitenon.jp/ / https://kokugo.jitenon.jp/ / https://kakijun.com/,一字置換ではなく、語単位・最長一致の実行辞書として扱う。
MTO-0136,多対一・余系,余炎,餘炎,余,餘,余剰・余裕・残余系,TRUE,FALSE,余は一人称代名詞の余と、旧字餘の新字体が衝突するため、残余・剰余系だけ語単位で餘へ戻す。,https://kanji.jitenon.jp/ / https://kokugo.jitenon.jp/ / https://kakijun.com/,一字置換ではなく、語単位・最長一致の実行辞書として扱う。
MTO-0124,多対一・余系,余暇,餘暇,余,餘,余剰・余裕・残余系,TRUE,FALSE,余は一人称代名詞の余と、旧字餘の新字体が衝突するため、残余・剰余系だけ語単位で餘へ戻す。,https://kanji.jitenon.jp/ / https://kokugo.jitenon.jp/ / https://kakijun.com/,一字置換ではなく、語単位・最長一致の実行辞書として扱う。
MTO-0113,多対一・余系,余寒,餘寒,余,餘,余剰・余裕・残余系,TRUE,FALSE,余は一人称代名詞の余と、旧字餘の新字体が衝突するため、残余・剰余系だけ語単位で餘へ戻す。,https://kanji.jitenon.jp/ / https://kokugo.jitenon.jp/ / https://kakijun.com/,一字置換ではなく、語単位・最長一致の実行辞書として扱う。
MTO-0129,多対一・余系,余儀,餘儀,余,餘,余剰・余裕・残余系,TRUE,FALSE,余は一人称代名詞の余と、旧字餘の新字体が衝突するため、残余・剰余系だけ語単位で餘へ戻す。,https://kanji.jitenon.jp/ / https://kokugo.jitenon.jp/ / https://kakijun.com/,一字置換ではなく、語単位・最長一致の実行辞書として扱う。
MTO-0127,多対一・余系,余技,餘技,余,餘,余剰・余裕・残余系,TRUE,FALSE,余は一人称代名詞の余と、旧字餘の新字体が衝突するため、残余・剰余系だけ語単位で餘へ戻す。,https://kanji.jitenon.jp/ / https://kokugo.jitenon.jp/ / https://kakijun.com/,一字置換ではなく、語単位・最長一致の実行辞書として扱う。
MTO-0106,多対一・余系,余興,餘興,余,餘,余剰・余裕・残余系,TRUE,FALSE,余は一人称代名詞の余と、旧字餘の新字体が衝突するため、残余・剰余系だけ語単位で餘へ戻す。,https://kanji.jitenon.jp/ / https://kokugo.jitenon.jp/ / https://kakijun.com/,一字置換ではなく、語単位・最長一致の実行辞書として扱う。
MTO-0139,多対一・余系,余薫,餘薫,余,餘,余剰・余裕・残余系,TRUE,FALSE,余は一人称代名詞の余と、旧字餘の新字体が衝突するため、残余・剰余系だけ語単位で餘へ戻す。,https://kanji.jitenon.jp/ / https://kokugo.jitenon.jp/ / https://kakijun.com/,一字置換ではなく、語単位・最長一致の実行辞書として扱う。
MTO-0138,多対一・余系,余慶,餘慶,余,餘,余剰・余裕・残余系,TRUE,FALSE,余は一人称代名詞の余と、旧字餘の新字体が衝突するため、残余・剰余系だけ語単位で餘へ戻す。,https://kanji.jitenon.jp/ / https://kokugo.jitenon.jp/ / https://kakijun.com/,一字置換ではなく、語単位・最長一致の実行辞書として扱う。
MTO-0105,多対一・余系,余計,餘計,余,餘,余剰・余裕・残余系,TRUE,FALSE,余は一人称代名詞の余と、旧字餘の新字体が衝突するため、残余・剰余系だけ語単位で餘へ戻す。,https://kanji.jitenon.jp/ / https://kokugo.jitenon.jp/ / https://kakijun.com/,一字置換ではなく、語単位・最長一致の実行辞書として扱う。
MTO-0125,多対一・余系,余光,餘光,余,餘,余剰・余裕・残余系,TRUE,FALSE,余は一人称代名詞の余と、旧字餘の新字体が衝突するため、残余・剰余系だけ語単位で餘へ戻す。,https://kanji.jitenon.jp/ / https://kokugo.jitenon.jp/ / https://kakijun.com/,一字置換ではなく、語単位・最長一致の実行辞書として扱う。
MTO-0119,多対一・余系,余香,餘香,余,餘,余剰・余裕・残余系,TRUE,FALSE,余は一人称代名詞の余と、旧字餘の新字体が衝突するため、残余・剰余系だけ語単位で餘へ戻す。,https://kanji.jitenon.jp/ / https://kokugo.jitenon.jp/ / https://kakijun.com/,一字置換ではなく、語単位・最長一致の実行辞書として扱う。
MTO-0116,多対一・余系,余罪,餘罪,余,餘,余剰・余裕・残余系,TRUE,FALSE,余は一人称代名詞の余と、旧字餘の新字体が衝突するため、残余・剰余系だけ語単位で餘へ戻す。,https://kanji.jitenon.jp/ / https://kokugo.jitenon.jp/ / https://kakijun.com/,一字置換ではなく、語単位・最長一致の実行辞書として扱う。
MTO-0126,多対一・余系,余財,餘財,余,餘,余剰・余裕・残余系,TRUE,FALSE,余は一人称代名詞の余と、旧字餘の新字体が衝突するため、残余・剰余系だけ語単位で餘へ戻す。,https://kanji.jitenon.jp/ / https://kokugo.jitenon.jp/ / https://kakijun.com/,一字置換ではなく、語単位・最長一致の実行辞書として扱う。
MTO-0133,多対一・余系,余事,餘事,余,餘,余剰・余裕・残余系,TRUE,FALSE,余は一人称代名詞の余と、旧字餘の新字体が衝突するため、残余・剰余系だけ語単位で餘へ戻す。,https://kanji.jitenon.jp/ / https://kokugo.jitenon.jp/ / https://kakijun.com/,一字置換ではなく、語単位・最長一致の実行辞書として扱う。
MTO-0101,多対一・余系,余剰,餘剩,余,餘,余剰・余裕・残余系,TRUE,FALSE,余は一人称代名詞の余と、旧字餘の新字体が衝突するため、残余・剰余系だけ語単位で餘へ戻す。,https://kanji.jitenon.jp/ / https://kokugo.jitenon.jp/ / https://kakijun.com/,一字置換ではなく、語単位・最長一致の実行辞書として扱う。
MTO-0118,多対一・余系,余情,餘情,余,餘,余剰・余裕・残余系,TRUE,FALSE,余は一人称代名詞の余と、旧字餘の新字体が衝突するため、残余・剰余系だけ語単位で餘へ戻す。,https://kanji.jitenon.jp/ / https://kokugo.jitenon.jp/ / https://kakijun.com/,一字置換ではなく、語単位・最長一致の実行辞書として扱う。
MTO-0115,多対一・余系,余震,餘震,余,餘,余剰・余裕・残余系,TRUE,FALSE,余は一人称代名詞の余と、旧字餘の新字体が衝突するため、残余・剰余系だけ語単位で餘へ戻す。,https://kanji.jitenon.jp/ / https://kokugo.jitenon.jp/ / https://kakijun.com/,一字置換ではなく、語単位・最長一致の実行辞書として扱う。
MTO-0120,多対一・余系,余勢,餘勢,余,餘,余剰・余裕・残余系,TRUE,FALSE,余は一人称代名詞の余と、旧字餘の新字体が衝突するため、残余・剰余系だけ語単位で餘へ戻す。,https://kanji.jitenon.jp/ / https://kokugo.jitenon.jp/ / https://kakijun.com/,一字置換ではなく、語単位・最長一致の実行辞書として扱う。
MTO-0111,多対一・余系,余生,餘生,余,餘,余剰・余裕・残余系,TRUE,FALSE,余は一人称代名詞の余と、旧字餘の新字体が衝突するため、残余・剰余系だけ語単位で餘へ戻す。,https://kanji.jitenon.jp/ / https://kokugo.jitenon.jp/ / https://kakijun.com/,一字置換ではなく、語単位・最長一致の実行辞書として扱う。
MTO-0132,多対一・余系,余沢,餘澤,余,餘,余剰・余裕・残余系,TRUE,FALSE,余は一人称代名詞の余と、旧字餘の新字体が衝突するため、残余・剰余系だけ語単位で餘へ戻す。,https://kanji.jitenon.jp/ / https://kokugo.jitenon.jp/ / https://kakijun.com/,一字置換ではなく、語単位・最長一致の実行辞書として扱う。
MTO-0108,多対一・余系,余談,餘談,余,餘,余剰・余裕・残余系,TRUE,FALSE,余は一人称代名詞の余と、旧字餘の新字体が衝突するため、残余・剰余系だけ語単位で餘へ戻す。,https://kanji.jitenon.jp/ / https://kokugo.jitenon.jp/ / https://kakijun.com/,一字置換ではなく、語単位・最長一致の実行辞書として扱う。
MTO-0103,多対一・余系,余地,餘地,余,餘,余剰・余裕・残余系,TRUE,FALSE,余は一人称代名詞の余と、旧字餘の新字体が衝突するため、残余・剰余系だけ語単位で餘へ戻す。,https://kanji.jitenon.jp/ / https://kokugo.jitenon.jp/ / https://kakijun.com/,一字置換ではなく、語単位・最長一致の実行辞書として扱う。
MTO-0128,多対一・余系,余程,餘程,余,餘,余剰・余裕・残余系,TRUE,FALSE,余は一人称代名詞の余と、旧字餘の新字体が衝突するため、残余・剰余系だけ語単位で餘へ戻す。,https://kanji.jitenon.jp/ / https://kokugo.jitenon.jp/ / https://kakijun.com/,一字置換ではなく、語単位・最長一致の実行辞書として扱う。
MTO-0121,多対一・余系,余滴,餘滴,余,餘,余剰・余裕・残余系,TRUE,FALSE,余は一人称代名詞の余と、旧字餘の新字体が衝突するため、残余・剰余系だけ語単位で餘へ戻す。,https://kanji.jitenon.jp/ / https://kokugo.jitenon.jp/ / https://kakijun.com/,一字置換ではなく、語単位・最長一致の実行辞書として扱う。
MTO-0134,多対一・余系,余日,餘日,余,餘,余剰・余裕・残余系,TRUE,FALSE,余は一人称代名詞の余と、旧字餘の新字体が衝突するため、残余・剰余系だけ語単位で餘へ戻す。,https://kanji.jitenon.jp/ / https://kokugo.jitenon.jp/ / https://kakijun.com/,一字置換ではなく、語単位・最長一致の実行辞書として扱う。
MTO-0114,多対一・余系,余熱,餘熱,余,餘,余剰・余裕・残余系,TRUE,FALSE,余は一人称代名詞の余と、旧字餘の新字体が衝突するため、残余・剰余系だけ語単位で餘へ戻す。,https://kanji.jitenon.jp/ / https://kokugo.jitenon.jp/ / https://kakijun.com/,一字置換ではなく、語単位・最長一致の実行辞書として扱う。
MTO-0112,多対一・余系,余年,餘年,余,餘,余剰・余裕・残余系,TRUE,FALSE,余は一人称代名詞の余と、旧字餘の新字体が衝突するため、残余・剰余系だけ語単位で餘へ戻す。,https://kanji.jitenon.jp/ / https://kokugo.jitenon.jp/ / https://kakijun.com/,一字置換ではなく、語単位・最長一致の実行辞書として扱う。
MTO-0130,多対一・余系,余念,餘念,余,餘,余剰・余裕・残余系,TRUE,FALSE,余は一人称代名詞の余と、旧字餘の新字体が衝突するため、残余・剰余系だけ語単位で餘へ戻す。,https://kanji.jitenon.jp/ / https://kokugo.jitenon.jp/ / https://kakijun.com/,一字置換ではなく、語単位・最長一致の実行辞書として扱う。
MTO-0109,多対一・余系,余波,餘波,余,餘,余剰・余裕・残余系,TRUE,FALSE,余は一人称代名詞の余と、旧字餘の新字体が衝突するため、残余・剰余系だけ語単位で餘へ戻す。,https://kanji.jitenon.jp/ / https://kokugo.jitenon.jp/ / https://kakijun.com/,一字置換ではなく、語単位・最長一致の実行辞書として扱う。
MTO-0104,多対一・余系,余白,餘白,余,餘,余剰・余裕・残余系,TRUE,FALSE,余は一人称代名詞の余と、旧字餘の新字体が衝突するため、残余・剰余系だけ語単位で餘へ戻す。,https://kanji.jitenon.jp/ / https://kokugo.jitenon.jp/ / https://kakijun.com/,一字置換ではなく、語単位・最長一致の実行辞書として扱う。
MTO-0102,多対一・余系,余分,餘分,余,餘,余剰・余裕・残余系,TRUE,FALSE,余は一人称代名詞の余と、旧字餘の新字体が衝突するため、残余・剰余系だけ語単位で餘へ戻す。,https://kanji.jitenon.jp/ / https://kokugo.jitenon.jp/ / https://kakijun.com/,一字置換ではなく、語単位・最長一致の実行辞書として扱う。
MTO-0140,多対一・余系,余聞,餘聞,余,餘,余剰・余裕・残余系,TRUE,FALSE,余は一人称代名詞の余と、旧字餘の新字体が衝突するため、残余・剰余系だけ語単位で餘へ戻す。,https://kanji.jitenon.jp/ / https://kokugo.jitenon.jp/ / https://kakijun.com/,一字置換ではなく、語単位・最長一致の実行辞書として扱う。
MTO-0122,多対一・余系,余弊,餘弊,余,餘,余剰・余裕・残余系,TRUE,FALSE,余は一人称代名詞の余と、旧字餘の新字体が衝突するため、残余・剰余系だけ語単位で餘へ戻す。,https://kanji.jitenon.jp/ / https://kokugo.jitenon.jp/ / https://kakijun.com/,一字置換ではなく、語単位・最長一致の実行辞書として扱う。
MTO-0135,多対一・余系,余味,餘味,余,餘,余剰・余裕・残余系,TRUE,FALSE,余は一人称代名詞の余と、旧字餘の新字体が衝突するため、残余・剰余系だけ語単位で餘へ戻す。,https://kanji.jitenon.jp/ / https://kokugo.jitenon.jp/ / https://kakijun.com/,一字置換ではなく、語単位・最長一致の実行辞書として扱う。
MTO-0110,多対一・余系,余命,餘命,余,餘,余剰・余裕・残余系,TRUE,FALSE,余は一人称代名詞の余と、旧字餘の新字体が衝突するため、残余・剰余系だけ語単位で餘へ戻す。,https://kanji.jitenon.jp/ / https://kokugo.jitenon.jp/ / https://kakijun.com/,一字置換ではなく、語単位・最長一致の実行辞書として扱う。
MTO-0100,多対一・余系,余裕,餘裕,余,餘,余剰・余裕・残余系,TRUE,FALSE,余は一人称代名詞の余と、旧字餘の新字体が衝突するため、残余・剰余系だけ語単位で餘へ戻す。,https://kanji.jitenon.jp/ / https://kokugo.jitenon.jp/ / https://kakijun.com/,一字置換ではなく、語単位・最長一致の実行辞書として扱う。
MTO-0131,多対一・余系,余力,餘力,余,餘,余剰・余裕・残余系,TRUE,FALSE,余は一人称代名詞の余と、旧字餘の新字体が衝突するため、残余・剰余系だけ語単位で餘へ戻す。,https://kanji.jitenon.jp/ / https://kokugo.jitenon.jp/ / https://kakijun.com/,一字置換ではなく、語単位・最長一致の実行辞書として扱う。
MTO-0123,多対一・余系,余類,餘類,余,餘,余剰・余裕・残余系,TRUE,FALSE,余は一人称代名詞の余と、旧字餘の新字体が衝突するため、残余・剰余系だけ語単位で餘へ戻す。,https://kanji.jitenon.jp/ / https://kokugo.jitenon.jp/ / https://kakijun.com/,一字置換ではなく、語単位・最長一致の実行辞書として扱う。
MTO-0117,多対一・余系,余録,餘錄,余,餘,余剰・余裕・残余系,TRUE,FALSE,余は一人称代名詞の余と、旧字餘の新字体が衝突するため、残余・剰余系だけ語単位で餘へ戻す。,https://kanji.jitenon.jp/ / https://kokugo.jitenon.jp/ / https://kakijun.com/,一字置換ではなく、語単位・最長一致の実行辞書として扱う。
MTO-0137,多対一・余系,余燼,餘燼,余,餘,余剰・余裕・残余系,TRUE,FALSE,余は一人称代名詞の余と、旧字餘の新字体が衝突するため、残余・剰余系だけ語単位で餘へ戻す。,https://kanji.jitenon.jp/ / https://kokugo.jitenon.jp/ / https://kakijun.com/,一字置換ではなく、語単位・最長一致の実行辞書として扱う。
MTO-0141,多対一・余系,余蘊,餘蘊,余,餘,余剰・余裕・残余系,TRUE,FALSE,余は一人称代名詞の余と、旧字餘の新字体が衝突するため、残余・剰余系だけ語単位で餘へ戻す。,https://kanji.jitenon.jp/ / https://kokugo.jitenon.jp/ / https://kakijun.com/,一字置換ではなく、語単位・最長一致の実行辞書として扱う。
MTO-0258,多対一・虫系,幼虫,幼蟲,虫,蟲/蛔,昆虫・虫類系,TRUE,FALSE,虫は蟲の新字体的に用いられるが、古典字としての虫もあるため、虫類・昆虫系だけ語単位で戻す。,https://kanji.jitenon.jp/ / https://kokugo.jitenon.jp/ / https://kakijun.com/,一字置換ではなく、語単位・最長一致の実行辞書として扱う。
MTO-0059,多対一・弁系,離弁花,離瓣花,弁,瓣,花弁・弁膜・バルブ系,TRUE,FALSE,花びら・弁膜・バルブ系は瓣であり、言語系の辯や識別系の辨と分岐する。,https://kanji.jitenon.jp/ / https://kokugo.jitenon.jp/ / https://kakijun.com/,一字置換ではなく、語単位・最長一致の実行辞書として扱う。
MTO-0022,多対一・弁系,訥弁,訥辯,弁,辯,言語・弁論系,TRUE,FALSE,弁は辯・辨・瓣・弁を吸収するため、言語・論駁・弁明系は辯に限定して熟語登録。,https://kanji.jitenon.jp/ / https://kokugo.jitenon.jp/ / https://kakijun.com/,一字置換ではなく、語単位・最長一致の実行辞書として扱う。
MTO-0008,多対一・弁系,詭弁,詭辯,弁,辯,言語・弁論系,TRUE,FALSE,弁は辯・辨・瓣・弁を吸収するため、言語・論駁・弁明系は辯に限定して熟語登録。,https://kanji.jitenon.jp/ / https://kokugo.jitenon.jp/ / https://kakijun.com/,一字置換ではなく、語単位・最長一致の実行辞書として扱う。
