No.,種別,かな見出し,旧表記,書換表記,備考,後年扱い方メモ
1,熟語,あ,愛慾,愛欲,,
2,熟語,あ,安佚,安逸,,
3,熟語,あ,暗翳,暗影,,
4,熟語,あ,暗誦,暗唱,,
5,熟語,あ,按分,案分,,
6,熟語,あ,闇夜,暗夜,,常用漢字表で「アン」の音は取っていない
7,熟語,い,意嚮,意向,,
8,熟語,い,慰藉料,慰謝料,,
9,熟語,い,衣裳,衣装,,
10,熟語,い,遺蹟,遺跡,,
11,熟語,い,一挺,一丁,,
12,熟語,い,陰翳,陰影,,
13,熟語,え,叡智,英知,,
14,熟語,え,頴才,英才,,
15,熟語,え,掩護,援護,,
16,熟語,え,苑地,園地,法,
17,熟語,お,臆説,憶説,,平成22年以降の扱い方では、常用漢字表例欄・法令使用により「臆説」を使用
18,熟語,お,臆測,憶測,,平成22年以降の扱い方では、常用漢字表例欄・法令使用により「臆測」を使用
19,熟語,お,恩誼,恩義,,
20,熟語,か,外廓,外郭,法,
21,熟語,か,快濶,快活,,
22,熟語,か,皆既蝕,皆既食,,
23,熟語,か,誡告,戒告,,
24,熟語,か,開鑿,開削,,
25,熟語,か,廻送,回送,,
26,熟語,か,蛔虫,回虫,医,
27,熟語,か,廻転,回転,,
28,熟語,か,恢復,回復,,
29,熟語,か,潰滅,壊滅,,平成22年以降の扱い方でも「壊滅」を使用
30,熟語,か,潰乱,壊乱,,平成22年以降の扱い方でも「壊乱」を使用
31,熟語,か,廻廊,回廊,,
32,熟語,か,火焔,火炎,,
33,熟語,か,劃然,画然,,
34,熟語,か,廓大,郭大,,
35,熟語,か,挌闘,格闘,,
36,熟語,か,劃期的,画期的,,
37,熟語,か,活潑,活発,,
38,熟語,か,旱害,干害,,
39,熟語,か,間歇,間欠,,
40,熟語,か,管絃楽,管弦楽,,
41,熟語,か,肝腎,肝心,,平成22年以降の扱い方では、常用漢字表例欄・法令使用により「肝腎」を使用
42,熟語,か,旱天,干天,,
43,熟語,か,乾溜,乾留,化,
44,熟語,き,気焔,気炎,,
45,熟語,き,饑餓,飢餓,,
46,熟語,き,企劃,企画,,
47,熟語,き,畸形,奇形,,
48,熟語,き,稀元素,希元素,,
49,熟語,き,稀釈,希釈,化,
50,熟語,き,稀少,希少,,
51,熟語,き,徽章,記章,,
52,熟語,き,奇蹟,奇跡,,
53,熟語,き,稀代,希代,,
54,熟語,き,綺談,奇談,,
55,熟語,き,機智,機知,,
56,熟語,き,吃水,喫水,法・船,
57,熟語,き,稀薄,希薄,,
58,熟語,き,糺弾,糾弾,,
59,熟語,き,糺明,糾明,,
60,熟語,き,旧蹟,旧跡,,
61,熟語,き,兇悪,凶悪,,
62,熟語,き,饗応,供応,法,
63,熟語,き,教誨,教戒,,
64,熟語,き,兇漢,凶漢,,
65,熟語,き,兇器,凶器,,
66,熟語,き,鞏固,強固,,
67,熟語,き,兇行,凶行,,
68,熟語,き,兇刃,凶刃,,
69,熟語,き,兇変,凶変,,
70,熟語,き,兇暴,凶暴,,
71,熟語,き,馭者,御者,,
72,熟語,き,漁撈,漁労,,
73,熟語,き,稀硫酸,希硫酸,,
74,熟語,き,技倆,技量,,
75,熟語,き,吟誦,吟唱,,
76,熟語,く,区劃,区画,,
77,熟語,く,掘鑿,掘削,鉱,
78,熟語,く,訓誡,訓戒,,
79,熟語,く,燻製,薫製,,
80,熟語,け,繋船,係船,法・船,
81,熟語,け,繋争,係争,,
82,熟語,け,繋属,係属,法,
83,熟語,け,繋留,係留,法,
84,熟語,け,下剋上,下克上,,
85,熟語,け,決潰,決壊,,平成22年以降の扱い方でも「決壊」を使用
86,熟語,け,蹶起,決起,,
87,熟語,け,月蝕,月食,,
88,熟語,け,訣別,決別,,
89,熟語,け,絃歌,弦歌,,
90,熟語,け,元兇,元凶,,
91,熟語,け,嶮岨,険阻,,
92,熟語,け,研磨,研摩,鉱,平成22年以降の扱い方では、常用漢字表例欄に挙がる「研磨」を使用
93,熟語,け,儼然,厳然,,
94,熟語,こ,交驩,交歓,,
95,熟語,こ,礦業,鉱業,,
96,熟語,こ,鯁骨,硬骨,,
97,熟語,こ,交叉,交差,法,
98,熟語,こ,扣除,控除,法,
99,熟語,こ,甦生,更生,,
100,熟語,こ,礦石,鉱石,鉱,
101,熟語,こ,宏壮,広壮,,
102,熟語,こ,宏大,広大,,
103,熟語,こ,香奠,香典,,
104,熟語,こ,昂騰,高騰,,
105,熟語,こ,広汎,広範,,平成22年以降の扱い方でも「広範」を使用
106,熟語,こ,昂奮／亢奮,興奮,,
107,熟語,こ,弘報,広報,法,
108,熟語,こ,曠野,広野,,
109,熟語,こ,昂揚,高揚,,
110,熟語,こ,強慾,強欲,,
111,熟語,こ,媾和,講和,,
112,熟語,こ,涸渇,枯渇,,
113,熟語,こ,古稀,古希,,
114,熟語,こ,古蹟,古跡,,
115,熟語,こ,骨骼,骨格,動・医,
116,熟語,こ,雇傭,雇用,法,
117,熟語,こ,混淆,混交,,
118,熟語,こ,根柢,根底,,
119,熟語,こ,昏迷,混迷,,
120,熟語,さ,醋酸,酢酸,化,
121,熟語,さ,坐視,座視,,
122,熟語,さ,坐礁,座礁,船,
123,熟語,さ,坐洲,座州,,
124,熟語,さ,雑沓,雑踏,,
125,熟語,さ,三絃,三弦,,
126,熟語,さ,讃仰,賛仰,,
127,熟語,さ,讃辞,賛辞,,
128,熟語,さ,撒水,散水,,
129,熟語,さ,讃嘆,賛嘆,,
130,熟語,さ,讃美,賛美,,
131,熟語,さ,撒布,散布,,
132,熟語,し,色慾,色欲,,
133,熟語,し,刺戟,刺激,,
134,熟語,し,史蹟,史跡,,
135,熟語,し,屍体,死体,医,
136,熟語,し,七顚八倒,七転八倒,,
137,熟語,し,死歿,死没,,
138,熟語,し,射倖心,射幸心,,
139,熟語,し,車輌,車両,,
140,熟語,し,蒐荷,集荷,,
141,熟語,し,蒐集,収集,,
142,熟語,し,終熄,終息,,
143,熟語,し,聚落,集落,,
144,熟語,し,手蹟,手跡,,
145,熟語,し,駿才,俊才,,
146,熟語,し,銷夏,消夏,,
147,熟語,し,銷却,消却,法,
148,熟語,し,障碍,障害,法,
149,熟語,し,情誼,情義,,
150,熟語,し,称讃／賞讃,称賛／賞賛,,
151,熟語,し,陞叙,昇叙,,
152,熟語,し,焦躁,焦燥,,
153,熟語,し,銷鎮,消沈,,
154,熟語,し,牆壁,障壁,法,
155,熟語,し,蒸溜,蒸留,化,
156,熟語,し,書翰,書簡,,
157,熟語,し,蝕甚,食尽,,平成22年以降の扱い方は未定
158,熟語,し,食慾,食欲,医,
159,熟語,し,抒情,叙情,,
160,熟語,し,試煉,試練,,
161,熟語,し,鍼術,針術,,
162,熟語,し,侵蝕,侵食,法,
163,熟語,し,浸蝕,浸食,化,
164,熟語,し,真蹟,真跡,,
165,熟語,し,伸暢,伸長,,
166,熟語,し,滲透,浸透,,
167,熟語,し,侵掠,侵略,,
168,熟語,し,訊問,尋問,,
169,熟語,す,衰頽,衰退,,
170,熟語,せ,制馭／制禦,制御,,
171,熟語,せ,棲息／栖息,生息,,
172,熟語,せ,性慾,性欲,,
173,熟語,せ,絶讃,絶賛,,
174,熟語,せ,尖鋭,先鋭,,
175,熟語,せ,全潰,全壊,,平成22年以降の扱い方でも「全壊」を使用
176,熟語,せ,銓衡,選考,,
177,熟語,せ,煽情,扇情,,
178,熟語,せ,洗滌,洗浄,法・医,
179,熟語,せ,戦々兢々,戦々恐々,,
180,熟語,せ,船艙,船倉,船,
181,熟語,せ,尖端,先端,,
182,熟語,せ,擅断,専断,,
183,熟語,せ,煽動,扇動,,
184,熟語,せ,戦歿,戦没,,
185,熟語,そ,象嵌,象眼,,
186,熟語,そ,蒼煌,倉皇,,
187,熟語,そ,綜合,総合,,
188,熟語,そ,相剋,相克,,
189,熟語,そ,惣菜,総菜,,
190,熟語,そ,装釘／装幀,装丁,,
191,熟語,そ,剿滅,掃滅,,
192,熟語,そ,簇生,族生,,
193,熟語,そ,沮止,阻止,,
194,熟語,そ,疏水,疎水,,
195,熟語,そ,沮喪,阻喪,,
196,熟語,そ,疏通,疎通,,
197,熟語,そ,疏明,疎明,法,
198,熟語,た,褪色,退色,,
199,熟語,た,頽勢,退勢,,
200,熟語,た,頽廃,退廃,,
201,熟語,た,颱風,台風,,
202,熟語,た,大慾,大欲,,
203,熟語,た,奪掠,奪略,,
204,熟語,た,歎願,嘆願,,
205,熟語,た,炭礦,炭鉱,,
206,熟語,た,端坐,端座,,
207,熟語,た,短篇,短編,,
208,熟語,た,煖房,暖房,建,
209,熟語,た,煖炉,暖炉,建,
210,熟語,ち,智慧,知恵,,
211,熟語,ち,智能,知能,,
212,熟語,ち,智謀,知謀,,
213,熟語,ち,註解,注解,,
214,熟語,ち,註釈,注釈,,
215,熟語,ち,註文,注文,,
216,熟語,ち,長篇,長編,,
217,熟語,ち,沈澱,沈殿,化,
218,熟語,て,彽徊,低回,,
219,熟語,て,牴触／觝触,抵触,法,
220,熟語,て,鄭重,丁重,,
221,熟語,て,叮嚀,丁寧,,
222,熟語,て,碇泊,停泊,法,
223,熟語,て,手帖,手帳,,
224,熟語,て,顚倒,転倒,,
225,熟語,て,顚覆,転覆,法,
226,熟語,と,倒潰,倒壊,,平成22年以降の扱い方でも「倒壊」を使用
227,熟語,と,蹈襲,踏襲,,
228,熟語,と,特輯,特集,,
229,熟語,と,杜絶,途絶,,
230,熟語,に,日蝕,日食,,
231,熟語,は,悖徳,背徳,,
232,熟語,は,破毀,破棄,法,平成22年以降の扱い方でも「破棄」を使用
233,熟語,は,曝露,暴露,法,
234,熟語,は,破摧,破砕,,
235,熟語,は,醗酵,発酵,,
236,熟語,は,薄倖,薄幸,,
237,熟語,は,抜萃,抜粋,,
238,熟語,は,叛旗,反旗,,
239,熟語,は,叛逆,反逆,,
240,熟語,は,蕃殖,繁殖,法,
241,熟語,は,蕃族,蛮族,,
242,熟語,は,反撥,反発,,
243,熟語,は,叛乱,反乱,,
244,熟語,ひ,蜚語,飛語,,
245,熟語,ひ,筆蹟,筆跡,,
246,熟語,ひ,病歿,病没,,
247,熟語,ふ,諷刺,風刺,,
248,熟語,ふ,腐蝕,腐食,,
249,熟語,ふ,符牒,符丁,,
250,熟語,ふ,物慾,物欲,,
251,熟語,ふ,腐爛,腐乱,,
252,熟語,へ,辺疆,辺境,,
253,熟語,へ,編輯,編集,,
254,熟語,ほ,哺育,保育,,平成22年以降の扱い方は未定
255,熟語,ほ,崩潰,崩壊,,平成22年以降の扱い方でも「崩壊」を使用
256,熟語,ほ,妨碍,妨害,,
257,熟語,ほ,抛棄,放棄,法,
258,熟語,ほ,防禦,防御,,
259,熟語,ほ,繃帯,包帯,医,
260,熟語,ほ,厖大,膨大,,
261,熟語,ほ,庖丁,包丁,,
262,熟語,ほ,抛物線,放物線,物,
263,熟語,ほ,輔佐,補佐,,
264,熟語,ほ,鋪装,舗装,,
265,熟語,ほ,輔導,補導,,
266,熟語,ほ,保姆,保母,,
267,熟語,ま,磨滅,摩滅,土,平成22年以降の扱い方は未定
268,熟語,む,無智,無知,,
269,熟語,む,無慾,無欲,,
270,熟語,め,名誉慾,名誉欲,,
271,熟語,め,棉花,綿花,,
272,熟語,も,妄動,盲動,,平成22年以降の扱い方は未定
273,熟語,も,摸索,模索,,
274,熟語,や,野鄙,野卑,,
275,熟語,よ,熔解,溶解,鉱,
276,熟語,よ,熔岩,溶岩,鉱,
277,熟語,よ,鎔鉱炉,溶鉱炉,鉱,
278,熟語,よ,熔接,溶接,船・鉱,
279,熟語,ら,落磐,落盤,鉱・法,
280,熟語,ら,理窟,理屈,,平成22年以降の扱い方でも「理屈」を使用
281,熟語,ら,悧巧,利口,,
282,熟語,ら,理智,理知,,
283,熟語,ら,離叛,離反,,
284,熟語,ら,掠奪,略奪,,
285,熟語,ら,俚謡,里謡,,
286,熟語,ら,諒解,了解,,
287,熟語,ら,諒承,了承,,
288,熟語,ら,輪廓,輪郭,,
289,熟語,れ,連繋,連係,,
290,熟語,れ,聯合,連合,,
291,熟語,れ,連坐,連座,,
292,熟語,れ,聯想,連想,,
293,熟語,れ,聯珠,連珠,,
294,熟語,れ,煉炭,練炭,化,
295,熟語,れ,煉乳,練乳,化,
296,熟語,れ,聯邦,連邦,,
297,熟語,れ,聯盟,連盟,,
298,熟語,れ,聯絡,連絡,,
299,熟語,れ,聯立,連立,,
300,熟語,わ,彎曲,湾曲,法,
301,熟語,わ,彎入,湾入,,
